,Subtype CGF,Proportion Human,Ratio Chicken vs other,Bubble size,Cattle,Chicken,Water
0,CGF_1,0.0,0.0,1,0.0,0.0,1.0
1,CGF_2,0.0,0.0,1,0.0,0.0,1.0
2,CGF_3,0.0,0.0,1,1.0,0.0,0.0
3,CGF_4,0.4,0.3333333333333333,3,0.0,0.3333333333333333,0.6666666666666666
4,CGF_5,0.0,0.0,1,0.0,0.0,1.0
5,CGF_6,0.0,0.0,1,1.0,0.0,0.0
6,CGF_7,0.0,0.0,1,0.0,0.0,1.0
7,CGF_8,0.0,1.0,1,0.0,1.0,0.0
8,CGF_9,0.0,0.5,2,0.0,0.5,0.5
9,CGF_10,0.0,0.0,1,0.0,0.0,1.0
10,CGF_11,0.0,0.0,1,0.0,0.0,1.0
11,CGF_12,0.5,0.0,1,0.0,0.0,1.0
12,CGF_13,0.0,1.0,2,0.0,1.0,0.0
13,CGF_16,0.0,0.0,1,1.0,0.0,0.0
14,CGF_17,0.0,1.0,1,0.0,1.0,0.0
15,CGF_18,0.0,1.0,1,0.0,1.0,0.0
16,CGF_19,0.0,1.0,2,0.0,1.0,0.0
17,CGF_20,0.0,1.0,2,0.0,1.0,0.0
18,CGF_22,0.0,0.0,1,0.0,0.0,1.0
19,CGF_23,0.0,0.0,3,0.3333333333333333,0.0,0.6666666666666666
20,CGF_24,0.0,0.0,1,1.0,0.0,0.0
21,CGF_25,0.0,0.0,1,1.0,0.0,0.0
22,CGF_26,0.0,0.0,1,1.0,0.0,0.0
23,CGF_27,0.0,0.0,2,1.0,0.0,0.0
24,CGF_28,0.0,0.0,1,0.0,0.0,1.0
25,CGF_29,0.0,0.0,1,0.0,0.0,1.0
26,CGF_35,0.0,1.0,1,0.0,1.0,0.0
27,CGF_38,0.0,1.0,1,0.0,1.0,0.0
28,CGF_39,0.0,1.0,1,0.0,1.0,0.0
29,CGF_43,0.0,0.0,1,1.0,0.0,0.0
30,CGF_44,0.0,0.0,1,1.0,0.0,0.0
31,CGF_45,0.0,0.0,2,1.0,0.0,0.0
32,CGF_46,0.0,1.0,1,0.0,1.0,0.0
33,CGF_47,0.0,1.0,1,0.0,1.0,0.0
34,CGF_48,0.0,0.0,1,1.0,0.0,0.0
35,CGF_49,0.0,1.0,1,0.0,1.0,0.0
36,CGF_51,0.0,0.0,1,1.0,0.0,0.0
37,CGF_52,0.0,0.0,1,1.0,0.0,0.0
38,CGF_53,0.0,0.0,1,1.0,0.0,0.0
39,CGF_55,0.0,0.0,1,1.0,0.0,0.0
40,CGF_56,0.0,0.0,1,1.0,0.0,0.0
41,CGF_62,0.0,0.0,1,1.0,0.0,0.0
42,CGF_70,0.0,1.0,1,0.0,1.0,0.0
43,CGF_71,0.0,1.0,1,0.0,1.0,0.0
44,CGF_72,0.0,1.0,1,0.0,1.0,0.0
45,CGF_73,0.0,0.0,1,1.0,0.0,0.0
46,CGF_74,0.0,0.0,1,1.0,0.0,0.0
47,CGF_75,0.0,0.0,1,1.0,0.0,0.0
48,CGF_76,0.0,0.0,1,1.0,0.0,0.0
49,CGF_77,0.0,1.0,1,0.0,1.0,0.0
50,CGF_78,0.0,0.0,1,1.0,0.0,0.0
51,CGF_79,0.0,0.0,1,1.0,0.0,0.0
52,CGF_80,0.0,0.0,1,1.0,0.0,0.0
53,CGF_82,0.0,0.0,1,0.0,0.0,1.0
54,CGF_83,0.0,0.0,1,0.0,0.0,1.0
55,CGF_85,0.0,0.0,1,0.0,0.0,1.0
56,CGF_87,0.0,0.0,1,0.0,0.0,1.0
57,CGF_88,0.5,0.0,1,0.0,0.0,1.0
58,CGF_93,0.0,0.0,1,0.0,0.0,1.0
59,CGF_94,0.0,0.0,1,0.0,0.0,1.0
60,CGF_95,0.0,0.0,1,0.0,0.0,1.0
61,CGF_96,0.0,0.0,1,0.0,0.0,1.0
62,CGF_97,0.0,0.0,13,0.0,0.0,1.0
63,CGF_98,0.0,0.0,1,0.0,0.0,1.0
64,CGF_99,0.0,0.0,1,0.0,0.0,1.0
65,CGF_100,0.0,0.0,5,0.0,0.0,1.0
66,CGF_101,0.0,0.0,8,0.0,0.0,1.0
67,CGF_102,0.0,0.0,1,0.0,0.0,1.0
68,CGF_103,0.0,0.0,1,0.0,0.0,1.0
69,CGF_104,0.0,0.0,2,0.0,0.0,1.0
70,CGF_105,0.0,0.0,1,0.0,0.0,1.0
71,CGF_106,0.0,0.0,1,0.0,0.0,1.0
72,CGF_107,0.0,0.0,1,0.0,0.0,1.0
73,CGF_108,0.0,0.0,1,0.0,0.0,1.0
74,CGF_109,0.0,0.0,1,0.0,0.0,1.0
75,CGF_110,0.0,0.0,2,0.0,0.0,1.0
76,CGF_111,0.0,0.0,1,0.0,0.0,1.0
77,CGF_114,0.0,0.0,1,0.0,0.0,1.0
78,CGF_115,0.0,0.0,1,0.0,0.0,1.0
79,CGF_116,0.0,0.0,2,0.0,0.0,1.0
80,CGF_117,0.0,0.0,1,0.0,0.0,1.0
81,CGF_118,0.0,0.0,1,0.0,0.0,1.0
82,CGF_119,0.0,0.0,1,1.0,0.0,0.0
83,CGF_120,0.0,1.0,13,0.0,1.0,0.0
84,CGF_121,0.0,1.0,1,0.0,1.0,0.0
85,CGF_122,0.0,0.0,1,0.0,0.0,1.0
86,CGF_123,0.0,1.0,3,0.0,1.0,0.0
87,CGF_124,0.0,1.0,1,0.0,1.0,0.0
88,CGF_125,0.0,1.0,3,0.0,1.0,0.0
89,CGF_126,0.0,0.0,1,0.0,0.0,1.0
90,CGF_127,0.0,1.0,1,0.0,1.0,0.0
91,CGF_128,0.0,1.0,1,0.0,1.0,0.0
92,CGF_129,0.0,1.0,1,0.0,1.0,0.0
93,CGF_130,0.0,1.0,1,0.0,1.0,0.0
94,CGF_131,0.0,0.0,1,0.0,0.0,1.0
95,CGF_132,0.0,0.0,2,0.0,0.0,1.0
96,CGF_133,0.0,0.0,2,0.0,0.0,1.0
97,CGF_135,0.0,0.0,1,0.0,0.0,1.0
98,CGF_136,0.0,0.0,1,0.0,0.0,1.0
99,CGF_137,0.0,0.0,1,0.0,0.0,1.0
100,CGF_138,0.0,0.0,1,0.0,0.0,1.0
101,CGF_139,0.0,0.0,1,0.0,0.0,1.0
102,CGF_140,0.0,1.0,134,0.0,1.0,0.0
103,CGF_141,0.0,0.9803921568627451,204,0.0,0.9803921568627451,0.0196078431372549
104,CGF_142,0.0,1.0,2,0.0,1.0,0.0
105,CGF_143,0.0,1.0,2,0.0,1.0,0.0
106,CGF_144,0.0,0.0,9,0.0,0.0,1.0
107,CGF_145,0.0,0.0,1,0.0,0.0,1.0
108,CGF_146,0.0,1.0,24,0.0,1.0,0.0
109,CGF_147,0.0,1.0,2,0.0,1.0,0.0
110,CGF_148,0.0,1.0,1,0.0,1.0,0.0
111,CGF_149,0.2,0.75,4,0.0,0.75,0.25
112,CGF_150,0.0,0.0,1,0.0,0.0,1.0
113,CGF_151,0.0,1.0,7,0.0,1.0,0.0
114,CGF_152,0.0,1.0,6,0.0,1.0,0.0
115,CGF_153,0.0,1.0,3,0.0,1.0,0.0
116,CGF_154,0.0,1.0,3,0.0,1.0,0.0
117,CGF_155,0.0,1.0,1,0.0,1.0,0.0
118,CGF_156,0.0,0.5,2,0.0,0.5,0.5
119,CGF_157,0.0,0.5,2,0.0,0.5,0.5
120,CGF_158,0.0,1.0,2,0.0,1.0,0.0
121,CGF_159,0.0,0.0,2,0.0,0.0,1.0
122,CGF_160,0.0,0.0,1,0.0,0.0,1.0
123,CGF_161,0.0,1.0,1,0.0,1.0,0.0
124,CGF_162,0.0,1.0,1,0.0,1.0,0.0
125,CGF_163,0.0,0.0,1,0.0,0.0,1.0
126,CGF_164,0.0,0.0,1,0.0,0.0,1.0
127,CGF_165,0.0,1.0,4,0.0,1.0,0.0
128,CGF_166,0.0,1.0,1,0.0,1.0,0.0
129,CGF_167,0.0,0.0,6,0.0,0.0,1.0
130,CGF_168,0.0,0.0,1,0.0,0.0,1.0
131,CGF_169,0.0,1.0,1,0.0,1.0,0.0
132,CGF_170,0.0,1.0,1,0.0,1.0,0.0
133,CGF_171,0.0,1.0,6,0.0,1.0,0.0
134,CGF_172,0.0,1.0,1,0.0,1.0,0.0
135,CGF_173,0.0,1.0,2,0.0,1.0,0.0
136,CGF_174,0.0,1.0,1,0.0,1.0,0.0
137,CGF_175,0.0,1.0,1,0.0,1.0,0.0
138,CGF_176,0.0,0.0,1,0.0,0.0,1.0
139,CGF_177,0.0,0.0,2,0.0,0.0,1.0
140,CGF_178,0.0,0.0,1,0.0,0.0,1.0
141,CGF_179,0.0,0.0,1,0.0,0.0,1.0
142,CGF_180,0.2,0.0,4,0.0,0.0,1.0
143,CGF_181,0.0,0.0,1,0.0,0.0,1.0
144,CGF_182,0.3,0.07142857142857142,14,0.0,0.07142857142857142,0.9285714285714286
145,CGF_183,0.0,0.0,1,0.0,0.0,1.0
146,CGF_184,0.0,0.0,1,0.0,0.0,1.0
147,CGF_187,0.0,0.0,3,0.0,0.0,1.0
148,CGF_188,0.0,0.0,2,0.0,0.0,1.0
149,CGF_189,0.0,1.0,1,0.0,1.0,0.0
150,CGF_190,0.0,0.0,1,0.0,0.0,1.0
151,CGF_191,0.0,0.75,20,0.0,0.75,0.25
152,CGF_192,0.0,1.0,1,0.0,1.0,0.0
153,CGF_193,0.0,1.0,1,0.0,1.0,0.0
154,CGF_194,0.0,1.0,1,0.0,1.0,0.0
155,CGF_195,0.0,1.0,1,0.0,1.0,0.0
156,CGF_196,0.0,0.6666666666666666,3,0.0,0.6666666666666666,0.3333333333333333
157,CGF_197,0.0,1.0,3,0.0,1.0,0.0
158,CGF_198,0.15384615384615385,1.0,11,0.0,1.0,0.0
159,CGF_199,0.0,0.0,2,0.0,0.0,1.0
160,CGF_200,0.125,0.0,7,0.0,0.0,1.0
161,CGF_202,0.0,0.0,4,0.0,0.0,1.0
162,CGF_203,0.0,0.2,5,0.0,0.2,0.8
163,CGF_204,0.0,0.0,1,0.0,0.0,1.0
164,CGF_205,0.0,0.0,4,0.0,0.0,1.0
165,CGF_206,0.0,0.0,1,0.0,0.0,1.0
166,CGF_207,0.0,0.0,2,0.0,0.0,1.0
167,CGF_208,0.0,0.0,3,0.0,0.0,1.0
168,CGF_209,0.0,0.0,1,0.0,0.0,1.0
169,CGF_210,0.0,0.0,1,1.0,0.0,0.0
170,CGF_211,0.0,1.0,1,0.0,1.0,0.0
171,CGF_212,0.0,0.0,1,0.0,0.0,1.0
172,CGF_214,0.0,0.0,1,0.0,0.0,1.0
173,CGF_215,0.0,0.0,1,0.0,0.0,1.0
174,CGF_216,0.0,0.0,1,0.0,0.0,1.0
175,CGF_217,0.0,1.0,1,0.0,1.0,0.0
176,CGF_218,0.0,1.0,1,0.0,1.0,0.0
177,CGF_219,0.0,1.0,1,0.0,1.0,0.0
178,CGF_221,0.0,0.0,1,1.0,0.0,0.0
179,CGF_222,0.0,1.0,1,0.0,1.0,0.0
180,CGF_223,0.0,0.0,2,1.0,0.0,0.0
181,CGF_232,0.4,0.0,3,1.0,0.0,0.0
182,CGF_234,0.2916666666666667,0.35294117647058826,17,0.6470588235294118,0.35294117647058826,0.0
183,CGF_236,0.0,0.0,1,1.0,0.0,0.0
184,CGF_237,0.13157894736842105,0.01818181818181818,165,0.9818181818181818,0.01818181818181818,0.0
185,CGF_238,0.0,0.0,1,1.0,0.0,0.0
186,CGF_239,0.0,0.0,1,1.0,0.0,0.0
187,CGF_242,0.0,0.0,1,1.0,0.0,0.0
188,CGF_244,0.0,0.0,2,1.0,0.0,0.0
189,CGF_245,0.7142857142857143,0.0,2,1.0,0.0,0.0
190,CGF_246,0.8571428571428571,0.0,1,1.0,0.0,0.0
191,CGF_248,0.0,0.0,1,1.0,0.0,0.0
192,CGF_250,0.0,0.0,5,1.0,0.0,0.0
193,CGF_251,0.0,0.0,2,1.0,0.0,0.0
194,CGF_252,0.0,0.0,1,1.0,0.0,0.0
195,CGF_253,0.5,0.0,1,1.0,0.0,0.0
196,CGF_254,0.0,0.0,2,1.0,0.0,0.0
197,CGF_255,0.0,0.0,2,1.0,0.0,0.0
198,CGF_256,0.6666666666666666,0.0,1,1.0,0.0,0.0
199,CGF_261,0.0,0.0,1,1.0,0.0,0.0
200,CGF_263,0.0,0.0,1,1.0,0.0,0.0
201,CGF_264,0.0,1.0,1,0.0,1.0,0.0
202,CGF_266,0.0,0.0,1,1.0,0.0,0.0
203,CGF_270,0.6666666666666666,0.0,1,1.0,0.0,0.0
204,CGF_271,0.0,0.0,1,1.0,0.0,0.0
205,CGF_272,0.0,0.0,3,1.0,0.0,0.0
206,CGF_273,0.0,0.0,2,1.0,0.0,0.0
207,CGF_274,0.0,0.0,1,0.0,0.0,1.0
208,CGF_276,0.0,0.0,5,0.0,0.0,1.0
209,CGF_277,0.42857142857142855,0.0,4,0.0,0.0,1.0
210,CGF_287,0.0,0.0,1,1.0,0.0,0.0
211,CGF_289,0.0,0.0,1,1.0,0.0,0.0
212,CGF_296,0.0,0.0,1,1.0,0.0,0.0
213,CGF_297,0.0,0.0,3,1.0,0.0,0.0
214,CGF_298,0.0,0.0,1,1.0,0.0,0.0
215,CGF_299,0.0,0.0,1,1.0,0.0,0.0
216,CGF_300,0.0,0.0,1,1.0,0.0,0.0
217,CGF_301,0.0,0.0,1,1.0,0.0,0.0
218,CGF_302,0.0,0.0,1,1.0,0.0,0.0
219,CGF_303,0.0,0.0,1,1.0,0.0,0.0
220,CGF_305,0.0,0.0,1,1.0,0.0,0.0
221,CGF_307,0.0,0.0,1,1.0,0.0,0.0
222,CGF_308,0.0,0.0,1,1.0,0.0,0.0
223,CGF_309,0.0,0.0,1,1.0,0.0,0.0
224,CGF_311,0.0,1.0,1,0.0,1.0,0.0
225,CGF_312,0.0,0.0,2,0.0,0.0,1.0
226,CGF_313,0.0,0.0,1,0.0,0.0,1.0
227,CGF_314,0.0,0.0,1,0.0,0.0,1.0
228,CGF_315,0.0,0.0,1,0.0,0.0,1.0
229,CGF_316,0.0,0.0,1,0.0,0.0,1.0
230,CGF_317,0.0,0.0,1,0.0,0.0,1.0
231,CGF_318,0.0,0.0,1,0.0,0.0,1.0
232,CGF_319,0.0,0.0,1,0.0,0.0,1.0
233,CGF_320,0.0,0.5555555555555556,9,0.0,0.5555555555555556,0.4444444444444444
234,CGF_321,0.0,0.0,1,0.0,0.0,1.0
235,CGF_322,0.0,0.0,4,0.0,0.0,1.0
236,CGF_323,0.0,0.0,1,0.0,0.0,1.0
237,CGF_324,0.0,1.0,1,0.0,1.0,0.0
238,CGF_325,0.0,1.0,1,0.0,1.0,0.0
239,CGF_326,0.0,0.0,1,0.0,0.0,1.0
240,CGF_327,0.0,0.0,1,0.0,0.0,1.0
241,CGF_329,0.0,0.0,1,0.0,0.0,1.0
242,CGF_332,0.0,0.0,2,0.0,0.0,1.0
243,CGF_333,0.0,0.0,1,0.0,0.0,1.0
244,CGF_334,0.0,0.0,2,0.0,0.0,1.0
245,CGF_335,0.0,0.0,1,0.0,0.0,1.0
246,CGF_336,0.0,0.0,3,0.0,0.0,1.0
247,CGF_337,0.0,1.0,1,0.0,1.0,0.0
248,CGF_341,0.0,0.0,1,0.0,0.0,1.0
249,CGF_342,0.0,1.0,1,0.0,1.0,0.0
250,CGF_343,0.0,0.0,1,0.0,0.0,1.0
251,CGF_344,0.0,0.0,1,0.0,0.0,1.0
252,CGF_345,0.0,1.0,1,0.0,1.0,0.0
253,CGF_346,0.0,1.0,1,0.0,1.0,0.0
254,CGF_347,0.0,0.0,2,0.0,0.0,1.0
255,CGF_348,0.0,0.0,1,0.0,0.0,1.0
256,CGF_349,0.0,0.0,1,0.0,0.0,1.0
257,CGF_351,0.0,0.0,1,0.0,0.0,1.0
258,CGF_352,0.0,0.0,1,0.0,0.0,1.0
259,CGF_353,0.0,0.0,1,1.0,0.0,0.0
260,CGF_354,0.0,1.0,1,0.0,1.0,0.0
261,CGF_366,0.0,1.0,1,0.0,1.0,0.0
262,CGF_367,0.0,0.0,1,0.0,0.0,1.0
263,CGF_369,0.0,1.0,1,0.0,1.0,0.0
264,CGF_370,0.0,1.0,1,0.0,1.0,0.0
265,CGF_371,0.0,1.0,1,0.0,1.0,0.0
266,CGF_372,0.0,0.0,1,0.0,0.0,1.0
267,CGF_373,0.0,0.0,1,1.0,0.0,0.0
268,CGF_375,0.0,1.0,1,0.0,1.0,0.0
269,CGF_380,0.0,0.0,1,0.0,0.0,1.0
270,CGF_381,0.0,1.0,1,0.0,1.0,0.0
271,CGF_383,0.0,1.0,1,0.0,1.0,0.0
272,CGF_387,0.0,1.0,1,0.0,1.0,0.0
273,CGF_394,0.6875,0.0,5,1.0,0.0,0.0
274,CGF_395,0.0,0.0,2,1.0,0.0,0.0
275,CGF_396,0.0,0.0,1,1.0,0.0,0.0
276,CGF_397,0.0,0.0,5,1.0,0.0,0.0
277,CGF_398,0.0,0.0,1,1.0,0.0,0.0
278,CGF_401,0.0,0.0,1,1.0,0.0,0.0
279,CGF_406,0.5,0.0,1,1.0,0.0,0.0
280,CGF_407,0.0,0.0,2,1.0,0.0,0.0
281,CGF_408,0.0,0.0,1,1.0,0.0,0.0
282,CGF_414,0.0,0.0,1,1.0,0.0,0.0
283,CGF_415,0.0,0.0,1,1.0,0.0,0.0
284,CGF_424,0.0,0.0,1,1.0,0.0,0.0
285,CGF_426,0.0,1.0,25,0.0,1.0,0.0
286,CGF_427,0.0,1.0,1,0.0,1.0,0.0
287,CGF_428,0.0,1.0,2,0.0,1.0,0.0
288,CGF_429,0.0,1.0,86,0.0,1.0,0.0
289,CGF_430,0.0,1.0,8,0.0,1.0,0.0
290,CGF_431,0.05357142857142857,0.5660377358490566,53,0.4339622641509434,0.5660377358490566,0.0
291,CGF_432,0.0,1.0,6,0.0,1.0,0.0
292,CGF_433,0.0,1.0,7,0.0,1.0,0.0
293,CGF_434,0.0,0.0,1,1.0,0.0,0.0
294,CGF_435,0.0,0.0,1,1.0,0.0,0.0
295,CGF_436,0.0,1.0,7,0.0,1.0,0.0
296,CGF_438,0.0,1.0,2,0.0,1.0,0.0
297,CGF_439,0.0,1.0,1,0.0,1.0,0.0
298,CGF_440,0.0,1.0,1,0.0,1.0,0.0
299,CGF_441,0.0,1.0,1,0.0,1.0,0.0
300,CGF_443,0.0,1.0,1,0.0,1.0,0.0
301,CGF_444,0.4166666666666667,1.0,7,0.0,1.0,0.0
302,CGF_445,0.0,0.0,1,0.0,0.0,1.0
303,CGF_450,0.36363636363636365,0.0,21,0.14285714285714285,0.0,0.8571428571428571
304,CGF_451,0.0,0.0,1,0.0,0.0,1.0
305,CGF_452,0.0,0.0,1,0.0,0.0,1.0
306,CGF_466,0.5714285714285714,1.0,3,0.0,1.0,0.0
307,CGF_467,0.0,0.0,1,1.0,0.0,0.0
308,CGF_469,0.0,1.0,1,0.0,1.0,0.0
309,CGF_471,0.0,1.0,1,0.0,1.0,0.0
310,CGF_473,0.26666666666666666,0.7272727272727273,22,0.2727272727272727,0.7272727272727273,0.0
311,CGF_474,0.0,0.0,1,0.0,0.0,1.0
312,CGF_475,0.0,0.0,1,1.0,0.0,0.0
313,CGF_476,0.0,0.0,1,1.0,0.0,0.0
314,CGF_477,0.7272727272727273,0.0,3,0.6666666666666666,0.0,0.3333333333333333
315,CGF_479,0.25,0.0,3,1.0,0.0,0.0
316,CGF_480,0.0,1.0,1,0.0,1.0,0.0
317,CGF_484,0.2857142857142857,1.0,5,0.0,1.0,0.0
318,CGF_485,0.0,1.0,1,0.0,1.0,0.0
319,CGF_487,0.0,0.0,1,0.0,0.0,1.0
320,CGF_490,0.0,0.0,1,0.0,0.0,1.0
321,CGF_495,0.0,0.0,2,1.0,0.0,0.0
322,CGF_496,0.0,0.0,1,1.0,0.0,0.0
323,CGF_497,0.0,1.0,1,0.0,1.0,0.0
324,CGF_498,0.0,0.0,1,0.0,0.0,1.0
325,CGF_499,0.0,0.0,1,0.0,0.0,1.0
326,CGF_500,0.625,1.0,3,0.0,1.0,0.0
327,CGF_505,0.07692307692307693,0.8611111111111112,36,0.1388888888888889,0.8611111111111112,0.0
328,CGF_506,0.0,1.0,1,0.0,1.0,0.0
329,CGF_507,0.0,1.0,3,0.0,1.0,0.0
330,CGF_508,0.0,1.0,4,0.0,1.0,0.0
331,CGF_509,0.0,0.0,1,1.0,0.0,0.0
332,CGF_510,0.0,1.0,1,0.0,1.0,0.0
333,CGF_511,0.0,1.0,2,0.0,1.0,0.0
334,CGF_512,0.0,1.0,2,0.0,1.0,0.0
335,CGF_515,0.0,1.0,3,0.0,1.0,0.0
336,CGF_516,0.1694915254237288,0.9591836734693877,49,0.04081632653061224,0.9591836734693877,0.0
337,CGF_517,0.0,1.0,4,0.0,1.0,0.0
338,CGF_519,0.0,1.0,1,0.0,1.0,0.0
339,CGF_520,0.0,0.0,8,0.0,0.0,1.0
340,CGF_521,0.75,0.0,1,1.0,0.0,0.0
341,CGF_522,0.0,0.0,2,0.0,0.0,1.0
342,CGF_523,0.0,0.5,2,0.0,0.5,0.5
343,CGF_524,0.0,1.0,6,0.0,1.0,0.0
344,CGF_526,0.0,0.0,1,0.0,0.0,1.0
345,CGF_529,0.0,0.0,1,0.0,0.0,1.0
346,CGF_537,0.0,0.0,1,0.0,0.0,1.0
347,CGF_545,0.0,1.0,1,0.0,1.0,0.0
348,CGF_546,0.0,0.0,1,0.0,0.0,1.0
349,CGF_550,0.0,1.0,2,0.0,1.0,0.0
350,CGF_551,0.0,1.0,1,0.0,1.0,0.0
351,CGF_553,0.0,0.0,1,0.0,0.0,1.0
352,CGF_554,0.0,1.0,1,0.0,1.0,0.0
353,CGF_559,0.0,1.0,1,0.0,1.0,0.0
354,CGF_562,0.0,0.0,1,0.0,0.0,1.0
355,CGF_563,0.0,1.0,1,0.0,1.0,0.0
356,CGF_564,0.0,1.0,1,0.0,1.0,0.0
357,CGF_565,0.0,1.0,1,0.0,1.0,0.0
358,CGF_566,0.0,1.0,1,0.0,1.0,0.0
359,CGF_567,0.0,1.0,1,0.0,1.0,0.0
360,CGF_568,0.0,1.0,1,0.0,1.0,0.0
361,CGF_569,0.0,1.0,1,0.0,1.0,0.0
362,CGF_570,0.0,1.0,1,0.0,1.0,0.0
363,CGF_572,0.0,0.0,1,1.0,0.0,0.0
364,CGF_575,0.0,0.0,1,0.0,0.0,1.0
365,CGF_579,0.0,0.0,1,0.0,0.0,1.0
366,CGF_582,0.0,0.0,1,0.0,0.0,1.0
367,CGF_583,0.0,0.0,1,1.0,0.0,0.0
368,CGF_584,0.0,0.0,1,1.0,0.0,0.0
369,CGF_596,0.0,0.0,1,1.0,0.0,0.0
370,CGF_598,0.0,0.0,1,1.0,0.0,0.0
371,CGF_599,0.0,0.0,1,1.0,0.0,0.0
372,CGF_601,0.0,0.0,1,1.0,0.0,0.0
373,CGF_602,0.0,1.0,1,0.0,1.0,0.0
374,CGF_603,0.0,1.0,1,0.0,1.0,0.0
375,CGF_604,0.0,1.0,1,0.0,1.0,0.0
376,CGF_605,0.0,1.0,1,0.0,1.0,0.0
377,CGF_607,0.9345794392523364,0.0,14,1.0,0.0,0.0
378,CGF_608,0.0,0.5,2,0.5,0.5,0.0
379,CGF_612,0.0,0.0,1,1.0,0.0,0.0
380,CGF_614,0.7142857142857143,0.0,2,1.0,0.0,0.0
381,CGF_620,0.0,1.0,1,0.0,1.0,0.0
382,CGF_641,0.5,1.0,1,0.0,1.0,0.0
383,CGF_642,0.0,0.0,5,1.0,0.0,0.0
384,CGF_643,0.4583333333333333,0.07692307692307693,13,0.9230769230769231,0.07692307692307693,0.0
385,CGF_649,0.0,1.0,2,0.0,1.0,0.0
386,CGF_650,0.0,1.0,1,0.0,1.0,0.0
387,CGF_651,0.4166666666666667,0.14285714285714285,21,0.8571428571428571,0.14285714285714285,0.0
388,CGF_652,0.2857142857142857,0.0,5,1.0,0.0,0.0
389,CGF_653,0.0,0.0,6,1.0,0.0,0.0
390,CGF_655,0.5333333333333333,0.0,21,1.0,0.0,0.0
391,CGF_657,0.3333333333333333,0.0,2,1.0,0.0,0.0
392,CGF_658,0.8,0.0,1,1.0,0.0,0.0
393,CGF_659,0.0,0.0,2,1.0,0.0,0.0
394,CGF_660,0.0,0.0,1,1.0,0.0,0.0
395,CGF_672,0.4528301886792453,1.0,29,0.0,1.0,0.0
396,CGF_673,0.5,1.0,1,0.0,1.0,0.0
397,CGF_674,0.25,1.0,3,0.0,1.0,0.0
398,CGF_675,0.5,1.0,1,0.0,1.0,0.0
399,CGF_678,0.45569620253164556,1.0,43,0.0,1.0,0.0
400,CGF_679,0.0,1.0,3,0.0,1.0,0.0
401,CGF_680,0.6666666666666666,1.0,1,0.0,1.0,0.0
402,CGF_688,0.0,0.0,1,1.0,0.0,0.0
403,CGF_689,0.0,1.0,2,0.0,1.0,0.0
404,CGF_690,0.0,1.0,1,0.0,1.0,0.0
405,CGF_691,0.0,1.0,1,0.0,1.0,0.0
406,CGF_692,0.5,1.0,1,0.0,1.0,0.0
407,CGF_693,0.0,1.0,1,0.0,1.0,0.0
408,CGF_700,0.0,1.0,2,0.0,1.0,0.0
409,CGF_706,0.0,0.0,3,1.0,0.0,0.0
410,CGF_707,0.0,0.3333333333333333,6,0.6666666666666666,0.3333333333333333,0.0
411,CGF_708,0.0,0.0,2,1.0,0.0,0.0
412,CGF_709,0.38450074515648286,0.053268765133171914,413,0.7941888619854721,0.053268765133171914,0.15254237288135594
413,CGF_711,0.15384615384615385,0.09090909090909091,11,0.5454545454545454,0.09090909090909091,0.36363636363636365
414,CGF_714,0.0,1.0,1,0.0,1.0,0.0
415,CGF_715,0.0,0.0,1,0.0,0.0,1.0
416,CGF_716,0.0,0.0,7,1.0,0.0,0.0
417,CGF_717,0.9333333333333333,0.0,1,1.0,0.0,0.0
418,CGF_720,0.0,0.0,2,1.0,0.0,0.0
419,CGF_721,0.0,0.0,2,1.0,0.0,0.0
420,CGF_722,0.0,0.0,1,1.0,0.0,0.0
421,CGF_723,0.0,0.0,9,0.6666666666666666,0.0,0.3333333333333333
422,CGF_724,0.0,0.0,1,0.0,0.0,1.0
423,CGF_725,0.6,0.0,2,1.0,0.0,0.0
424,CGF_728,0.65625,0.0,11,1.0,0.0,0.0
425,CGF_731,0.0,0.0,3,1.0,0.0,0.0
426,CGF_736,0.75,0.0,1,1.0,0.0,0.0
427,CGF_737,0.0,0.0,2,1.0,0.0,0.0
428,CGF_738,0.6666666666666666,0.0,1,1.0,0.0,0.0
429,CGF_739,0.8,0.0,1,1.0,0.0,0.0
430,CGF_742,0.0,0.0,1,1.0,0.0,0.0
431,CGF_743,0.0,0.0,7,1.0,0.0,0.0
432,CGF_744,0.0,0.0,1,1.0,0.0,0.0
433,CGF_745,0.0,0.0,1,1.0,0.0,0.0
434,CGF_746,0.0,0.0,1,1.0,0.0,0.0
435,CGF_748,0.0,0.0,1,1.0,0.0,0.0
436,CGF_749,0.0,0.0,1,1.0,0.0,0.0
437,CGF_750,0.25,0.0,3,1.0,0.0,0.0
438,CGF_751,0.25,0.0,3,0.0,0.0,1.0
439,CGF_752,0.0,0.0,1,0.0,0.0,1.0
440,CGF_755,0.4090909090909091,0.0,13,1.0,0.0,0.0
441,CGF_756,0.7777777777777778,0.0,2,1.0,0.0,0.0
442,CGF_758,0.0,0.0,1,0.0,0.0,1.0
443,CGF_760,0.0,0.0,1,1.0,0.0,0.0
444,CGF_766,0.0,0.0,3,1.0,0.0,0.0
445,CGF_767,0.0,0.0,2,1.0,0.0,0.0
446,CGF_768,0.0,0.0,1,1.0,0.0,0.0
447,CGF_769,0.0,0.0,2,0.0,0.0,1.0
448,CGF_770,0.0,0.0,5,1.0,0.0,0.0
449,CGF_772,0.0,0.0,1,1.0,0.0,0.0
450,CGF_773,0.0,0.0,1,1.0,0.0,0.0
451,CGF_774,0.0,0.0,1,1.0,0.0,0.0
452,CGF_775,0.0,0.0,1,1.0,0.0,0.0
453,CGF_776,0.0,0.0,1,1.0,0.0,0.0
454,CGF_777,0.0,0.0,1,1.0,0.0,0.0
455,CGF_778,0.0,0.0,1,1.0,0.0,0.0
456,CGF_779,0.0,0.0,1,1.0,0.0,0.0
457,CGF_780,0.0,0.0,1,1.0,0.0,0.0
458,CGF_781,0.0,0.0,1,1.0,0.0,0.0
459,CGF_782,0.0,0.0,2,1.0,0.0,0.0
460,CGF_783,0.0,0.0,1,1.0,0.0,0.0
461,CGF_784,0.0,0.0,2,1.0,0.0,0.0
462,CGF_785,0.0,0.0,2,1.0,0.0,0.0
463,CGF_790,0.4,0.0,3,1.0,0.0,0.0
464,CGF_804,0.45454545454545453,1.0,6,0.0,1.0,0.0
465,CGF_805,0.0,0.0,1,1.0,0.0,0.0
466,CGF_806,0.0,1.0,1,0.0,1.0,0.0
467,CGF_808,0.6666666666666666,0.0,1,1.0,0.0,0.0
468,CGF_809,0.0,0.0,1,1.0,0.0,0.0
469,CGF_810,0.0,0.0,1,0.0,0.0,1.0
470,CGF_811,0.0,0.0,1,1.0,0.0,0.0
471,CGF_813,0.0,0.0,1,1.0,0.0,0.0
472,CGF_814,0.0,0.0,1,1.0,0.0,0.0
473,CGF_815,0.3333333333333333,0.0,4,1.0,0.0,0.0
474,CGF_819,0.0,1.0,1,0.0,1.0,0.0
475,CGF_821,0.5714285714285714,0.3333333333333333,3,0.6666666666666666,0.3333333333333333,0.0
476,CGF_822,0.0,0.0,1,1.0,0.0,0.0
477,CGF_823,0.0,0.0,1,1.0,0.0,0.0
478,CGF_830,0.0,0.0,1,1.0,0.0,0.0
479,CGF_831,0.0,1.0,1,0.0,1.0,0.0
480,CGF_836,0.0,0.0,2,0.0,0.0,1.0
481,CGF_837,0.0,0.0,5,0.8,0.0,0.2
482,CGF_838,0.0,0.0,1,1.0,0.0,0.0
483,CGF_840,0.0,0.0,1,1.0,0.0,0.0
484,CGF_841,0.0,0.0,1,1.0,0.0,0.0
485,CGF_842,0.0,0.0,1,1.0,0.0,0.0
486,CGF_848,0.7142857142857143,0.0,2,1.0,0.0,0.0
487,CGF_850,0.0,0.0,1,1.0,0.0,0.0
488,CGF_855,0.5677966101694916,0.0196078431372549,51,0.9803921568627451,0.0196078431372549,0.0
489,CGF_856,0.0,0.0,2,1.0,0.0,0.0
490,CGF_863,0.0,0.0,1,1.0,0.0,0.0
491,CGF_864,0.0,0.0,1,1.0,0.0,0.0
492,CGF_881,0.08979591836734693,0.026905829596412557,223,0.9730941704035875,0.026905829596412557,0.0
493,CGF_882,0.0,0.0,13,1.0,0.0,0.0
494,CGF_883,0.08095238095238096,0.046632124352331605,193,0.9533678756476683,0.046632124352331605,0.0
495,CGF_884,0.0,0.0,8,1.0,0.0,0.0
496,CGF_885,0.3333333333333333,0.0,2,1.0,0.0,0.0
497,CGF_886,0.0,0.0,4,1.0,0.0,0.0
498,CGF_887,0.09836065573770492,0.0,55,1.0,0.0,0.0
499,CGF_888,0.0,0.0,5,1.0,0.0,0.0
500,CGF_889,0.0,0.0,1,1.0,0.0,0.0
501,CGF_891,0.3333333333333333,0.25,4,0.75,0.25,0.0
502,CGF_892,0.6666666666666666,0.0,1,1.0,0.0,0.0
503,CGF_893,0.0,0.16666666666666666,6,0.8333333333333334,0.16666666666666666,0.0
504,CGF_894,0.0,0.0,3,1.0,0.0,0.0
505,CGF_895,0.14285714285714285,0.0,6,1.0,0.0,0.0
506,CGF_896,0.0,0.0,4,1.0,0.0,0.0
507,CGF_897,0.3333333333333333,0.0,2,1.0,0.0,0.0
508,CGF_898,0.0,0.0,1,1.0,0.0,0.0
509,CGF_899,0.0,0.0,1,1.0,0.0,0.0
510,CGF_900,0.0,0.0,7,1.0,0.0,0.0
511,CGF_901,0.5,0.0,1,1.0,0.0,0.0
512,CGF_902,0.0,0.0,1,1.0,0.0,0.0
513,CGF_903,0.0,0.0,5,1.0,0.0,0.0
514,CGF_904,0.0,0.0,4,1.0,0.0,0.0
515,CGF_907,0.0,0.0,1,1.0,0.0,0.0
516,CGF_908,0.0,0.0,1,1.0,0.0,0.0
517,CGF_909,0.0,0.0,1,1.0,0.0,0.0
518,CGF_910,0.0,1.0,1,0.0,1.0,0.0
519,CGF_911,0.0,0.0,2,1.0,0.0,0.0
520,CGF_912,0.0,0.0,1,1.0,0.0,0.0
521,CGF_913,0.0,0.0,1,1.0,0.0,0.0
522,CGF_914,0.0,0.0,1,1.0,0.0,0.0
523,CGF_915,0.0,0.0,2,1.0,0.0,0.0
524,CGF_916,0.0,0.0,1,1.0,0.0,0.0
525,CGF_917,0.0,0.0,1,1.0,0.0,0.0
526,CGF_918,0.0,0.0,1,1.0,0.0,0.0
527,CGF_919,0.0,0.0,1,1.0,0.0,0.0
528,CGF_920,0.1095890410958904,0.015384615384615385,65,0.9846153846153847,0.015384615384615385,0.0
529,CGF_921,0.0,0.0,1,1.0,0.0,0.0
530,CGF_922,0.0,0.0,1,1.0,0.0,0.0
531,CGF_924,0.0,0.0,8,1.0,0.0,0.0
532,CGF_925,0.0,0.0,7,1.0,0.0,0.0
533,CGF_926,0.0,0.0,6,1.0,0.0,0.0
534,CGF_927,0.0,0.0,3,1.0,0.0,0.0
535,CGF_928,0.0,0.0,4,1.0,0.0,0.0
536,CGF_929,0.0,0.0,4,1.0,0.0,0.0
537,CGF_931,0.0,0.0,4,1.0,0.0,0.0
538,CGF_932,0.0,0.0,1,1.0,0.0,0.0
539,CGF_933,0.0,0.0,4,1.0,0.0,0.0
540,CGF_934,0.0,0.0,1,1.0,0.0,0.0
541,CGF_935,0.0,0.0,1,1.0,0.0,0.0
542,CGF_936,0.0,0.0,1,1.0,0.0,0.0
543,CGF_937,0.6666666666666666,1.0,1,0.0,1.0,0.0
544,CGF_941,0.0,0.3333333333333333,3,0.6666666666666666,0.3333333333333333,0.0
545,CGF_942,0.0,0.0,2,1.0,0.0,0.0
546,CGF_943,0.2909090909090909,0.10256410256410256,39,0.8974358974358975,0.10256410256410256,0.0
547,CGF_947,0.0,0.0,1,1.0,0.0,0.0
548,CGF_948,0.0,1.0,1,0.0,1.0,0.0
549,CGF_949,0.0,0.0,5,1.0,0.0,0.0
550,CGF_950,0.5,0.0,1,1.0,0.0,0.0
551,CGF_951,0.3333333333333333,0.0,2,1.0,0.0,0.0
552,CGF_953,0.0,0.0,1,1.0,0.0,0.0
553,CGF_954,0.0,0.0,1,1.0,0.0,0.0
554,CGF_955,0.0,0.0,1,1.0,0.0,0.0
555,CGF_957,0.0,0.0,1,1.0,0.0,0.0
556,CGF_958,0.0,0.0,1,1.0,0.0,0.0
557,CGF_959,0.0,0.0,1,1.0,0.0,0.0
558,CGF_960,0.0,0.0,4,1.0,0.0,0.0
559,CGF_961,0.0,0.0,4,1.0,0.0,0.0
560,CGF_962,0.0,0.0,1,1.0,0.0,0.0
561,CGF_964,0.0,0.0,1,1.0,0.0,0.0
562,CGF_966,0.0,0.0,3,1.0,0.0,0.0
563,CGF_967,0.0,0.0,1,1.0,0.0,0.0
564,CGF_971,0.0,0.0,1,1.0,0.0,0.0
565,CGF_972,0.0,1.0,1,0.0,1.0,0.0
566,CGF_976,0.0,0.0,1,1.0,0.0,0.0
567,CGF_977,0.0,0.0,1,1.0,0.0,0.0
568,CGF_978,0.0,0.0,1,1.0,0.0,0.0
569,CGF_979,0.0,0.0,1,1.0,0.0,0.0
570,CGF_981,0.0,0.0,3,1.0,0.0,0.0
571,CGF_982,0.0,0.0,1,1.0,0.0,0.0
572,CGF_984,0.5,0.0,1,1.0,0.0,0.0
573,CGF_985,0.0,0.0,1,1.0,0.0,0.0
574,CGF_986,0.0,0.0,1,1.0,0.0,0.0
575,CGF_987,0.0,0.0,1,1.0,0.0,0.0
576,CGF_988,0.0,1.0,1,0.0,1.0,0.0
577,CGF_989,0.0,1.0,1,0.0,1.0,0.0
578,CGF_990,0.0,0.6666666666666666,3,0.3333333333333333,0.6666666666666666,0.0
579,CGF_991,0.0,0.0,1,1.0,0.0,0.0
580,CGF_992,0.0,0.0,1,1.0,0.0,0.0
581,CGF_993,0.0,0.0,1,1.0,0.0,0.0
582,CGF_994,0.0,0.0,1,1.0,0.0,0.0
583,CGF_995,0.0,0.0,1,1.0,0.0,0.0
584,CGF_996,0.0,1.0,1,0.0,1.0,0.0
585,CGF_999,0.0,0.0,1,1.0,0.0,0.0
586,CGF_1000,0.0,0.0,1,1.0,0.0,0.0
587,CGF_1001,0.0,0.0,1,1.0,0.0,0.0
588,CGF_1002,0.0,0.0,1,1.0,0.0,0.0
589,CGF_1004,0.0,0.0,1,1.0,0.0,0.0
590,CGF_1007,0.0,1.0,1,0.0,1.0,0.0
591,CGF_1008,0.0,1.0,1,0.0,1.0,0.0
592,CGF_1012,0.0,0.0,1,1.0,0.0,0.0
593,CGF_1013,0.0,0.0,1,1.0,0.0,0.0
594,CGF_1019,0.0,0.0,1,1.0,0.0,0.0
595,CGF_1028,0.0,0.0,1,1.0,0.0,0.0
596,CGF_1029,0.0,1.0,1,0.0,1.0,0.0
597,CGF_1039,0.0,0.0,1,1.0,0.0,0.0
598,CGF_1043,0.3333333333333333,0.0,2,1.0,0.0,0.0
599,CGF_1045,0.8,0.0,1,1.0,0.0,0.0
600,CGF_1046,0.0,0.0,1,1.0,0.0,0.0
601,CGF_1048,0.0,0.0,1,1.0,0.0,0.0
602,CGF_1049,0.0,0.0,1,1.0,0.0,0.0
603,CGF_1050,0.0,0.0,1,1.0,0.0,0.0
604,CGF_1051,0.0,0.0,1,1.0,0.0,0.0
605,CGF_1052,0.0,0.0,1,1.0,0.0,0.0
606,CGF_1053,0.0,0.0,1,1.0,0.0,0.0
607,CGF_1054,0.0,0.0,1,1.0,0.0,0.0
608,CGF_1059,0.0,1.0,1,0.0,1.0,0.0
609,CGF_1061,0.0,0.0,1,1.0,0.0,0.0
610,CGF_1062,0.0,0.0,1,1.0,0.0,0.0
611,CGF_1064,0.0,1.0,1,0.0,1.0,0.0
612,CGF_1069,0.4,1.0,6,0.0,1.0,0.0
613,CGF_1080,0.0,1.0,1,0.0,1.0,0.0
614,CGF_1099,0.0,1.0,1,0.0,1.0,0.0
615,CGF_1100,0.0,1.0,1,0.0,1.0,0.0
616,CGF_1101,0.0,0.0,1,1.0,0.0,0.0
617,CGF_1102,0.0,0.0,1,1.0,0.0,0.0
618,CGF_1104,0.0,0.0,1,1.0,0.0,0.0
619,CGF_1106,0.0,0.0,1,1.0,0.0,0.0
620,CGF_1108,0.0,0.0,11,1.0,0.0,0.0
621,CGF_1109,0.3333333333333333,0.0,2,1.0,0.0,0.0
622,CGF_1110,0.0,0.0,3,1.0,0.0,0.0
623,CGF_1111,0.21052631578947367,0.00784313725490196,255,0.8941176470588236,0.00784313725490196,0.09803921568627451
624,CGF_1112,0.0,0.0,10,0.4,0.0,0.6
625,CGF_1113,0.45454545454545453,0.0,6,0.8333333333333334,0.0,0.16666666666666666
626,CGF_1114,0.0,0.0,16,1.0,0.0,0.0
627,CGF_1115,0.15384615384615385,0.0,11,0.7272727272727273,0.0,0.2727272727272727
628,CGF_1116,0.25,0.0,3,1.0,0.0,0.0
629,CGF_1117,0.0,0.0,3,1.0,0.0,0.0
630,CGF_1118,0.5,0.0,1,1.0,0.0,0.0
631,CGF_1119,0.0,0.0,2,1.0,0.0,0.0
632,CGF_1120,0.0,0.0,2,1.0,0.0,0.0
633,CGF_1121,0.0,0.0,3,1.0,0.0,0.0
634,CGF_1123,0.0,0.0,2,1.0,0.0,0.0
635,CGF_1124,0.0,0.0,2,1.0,0.0,0.0
636,CGF_1125,0.0,0.0,2,1.0,0.0,0.0
637,CGF_1126,0.0,0.0,2,1.0,0.0,0.0
638,CGF_1128,0.0,0.0,2,0.0,0.0,1.0
639,CGF_1131,0.0,0.0,1,1.0,0.0,0.0
640,CGF_1132,0.0,0.0,5,1.0,0.0,0.0
641,CGF_1133,0.0,0.0,3,0.3333333333333333,0.0,0.6666666666666666
642,CGF_1135,0.0,0.0,1,0.0,0.0,1.0
643,CGF_1136,0.0,0.0,1,1.0,0.0,0.0
644,CGF_1137,0.0,0.0,3,0.6666666666666666,0.0,0.3333333333333333
645,CGF_1138,0.0,0.0,1,1.0,0.0,0.0
646,CGF_1139,0.0,0.0,1,1.0,0.0,0.0
647,CGF_1140,0.0,0.0,2,1.0,0.0,0.0
648,CGF_1141,0.0,0.0,2,1.0,0.0,0.0
649,CGF_1142,0.25,0.0,6,1.0,0.0,0.0
650,CGF_1143,0.0,0.0,1,1.0,0.0,0.0
651,CGF_1144,0.0,0.0,1,1.0,0.0,0.0
652,CGF_1146,0.0,0.0,2,1.0,0.0,0.0
653,CGF_1147,0.0,0.0,1,1.0,0.0,0.0
654,CGF_1148,0.0,1.0,1,0.0,1.0,0.0
655,CGF_1149,0.0,0.0,1,1.0,0.0,0.0
656,CGF_1151,0.0,0.0,2,1.0,0.0,0.0
657,CGF_1152,0.0,0.0,1,1.0,0.0,0.0
658,CGF_1153,0.0,0.0,2,1.0,0.0,0.0
659,CGF_1154,0.0,0.0,1,1.0,0.0,0.0
660,CGF_1155,0.0,0.0,1,1.0,0.0,0.0
661,CGF_1157,0.0,0.0,1,1.0,0.0,0.0
662,CGF_1158,0.0,0.0,1,1.0,0.0,0.0
663,CGF_1159,0.0,0.0,1,1.0,0.0,0.0
664,CGF_1161,0.0,0.0,1,1.0,0.0,0.0
665,CGF_1162,0.0,0.0,1,1.0,0.0,0.0
666,CGF_1164,0.0,0.0,1,1.0,0.0,0.0
667,CGF_1165,0.0,0.0,1,0.0,0.0,1.0
668,CGF_1166,0.0,0.0,1,1.0,0.0,0.0
669,CGF_1167,0.0,0.0,1,0.0,0.0,1.0
670,CGF_1168,0.0,0.0,5,1.0,0.0,0.0
671,CGF_1169,0.0,0.0,1,1.0,0.0,0.0
672,CGF_1170,0.0,0.0,1,1.0,0.0,0.0
673,CGF_1174,0.0,0.0,1,1.0,0.0,0.0
674,CGF_1178,0.0,0.0,1,1.0,0.0,0.0
675,CGF_1180,0.0,0.0,1,1.0,0.0,0.0
676,CGF_1182,0.0,0.0,1,1.0,0.0,0.0
677,CGF_1183,0.0,0.0,1,0.0,0.0,1.0
678,CGF_1184,0.0,0.0,1,1.0,0.0,0.0
679,CGF_1185,0.0,0.0,1,1.0,0.0,0.0
680,CGF_1187,0.0,0.0,1,0.0,0.0,1.0
681,CGF_1188,0.0,0.0,1,0.0,0.0,1.0
682,CGF_1189,0.0,0.0,2,1.0,0.0,0.0
683,CGF_1190,0.0,0.0,1,1.0,0.0,0.0
684,CGF_1192,0.0,0.0,1,1.0,0.0,0.0
685,CGF_1207,0.0,1.0,1,0.0,1.0,0.0
686,CGF_1217,0.0,0.0,1,1.0,0.0,0.0
687,CGF_1218,0.0,0.0,1,1.0,0.0,0.0
688,CGF_1219,0.0,0.0,1,1.0,0.0,0.0
689,CGF_1221,0.0,1.0,1,0.0,1.0,0.0
690,CGF_1224,0.0,0.0,1,1.0,0.0,0.0
691,CGF_1225,0.0,0.0,2,1.0,0.0,0.0
692,CGF_1228,0.0,1.0,1,0.0,1.0,0.0
693,CGF_1229,0.0,0.0,1,1.0,0.0,0.0
694,CGF_1230,0.0,0.0,1,1.0,0.0,0.0
695,CGF_1232,0.0,0.0,1,1.0,0.0,0.0
696,CGF_1233,0.0,0.0,1,1.0,0.0,0.0
697,CGF_1234,0.0,0.0,2,1.0,0.0,0.0
698,CGF_1235,0.0,0.0,1,1.0,0.0,0.0
699,CGF_1236,0.0,0.0,1,1.0,0.0,0.0
700,CGF_1237,0.0,0.0,1,1.0,0.0,0.0
701,CGF_1238,0.0,1.0,1,0.0,1.0,0.0
702,CGF_1240,0.0,0.0,1,0.0,0.0,1.0
703,CGF_1241,0.6666666666666666,0.0,1,1.0,0.0,0.0
704,CGF_1247,0.4214876033057851,0.0,70,0.9571428571428572,0.0,0.04285714285714286
705,CGF_1248,0.0,0.0,3,0.6666666666666666,0.0,0.3333333333333333
706,CGF_1250,0.2608695652173913,0.058823529411764705,17,0.9411764705882353,0.058823529411764705,0.0
707,CGF_1251,0.3333333333333333,0.0,2,0.0,0.0,1.0
708,CGF_1252,0.3333333333333333,0.0,2,1.0,0.0,0.0
709,CGF_1253,0.7058823529411765,0.2,5,0.6,0.2,0.2
710,CGF_1254,0.0,0.0,4,1.0,0.0,0.0
711,CGF_1255,0.0,0.7777777777777778,9,0.2222222222222222,0.7777777777777778,0.0
712,CGF_1256,0.0,0.0,2,0.5,0.0,0.5
713,CGF_1258,0.3333333333333333,1.0,2,0.0,1.0,0.0
714,CGF_1260,0.0,0.0,2,1.0,0.0,0.0
715,CGF_1263,0.0,0.0,2,0.5,0.0,0.5
716,CGF_1264,0.0,0.0,4,0.0,0.0,1.0
717,CGF_1265,0.0,0.0,1,1.0,0.0,0.0
718,CGF_1267,0.5,0.0,1,1.0,0.0,0.0
719,CGF_1269,0.0,0.0,1,1.0,0.0,0.0
720,CGF_1271,0.0,0.0,1,1.0,0.0,0.0
721,CGF_1273,0.0,0.0,3,1.0,0.0,0.0
722,CGF_1279,0.0,0.0,1,0.0,0.0,1.0
723,CGF_1280,0.0,0.0,2,1.0,0.0,0.0
724,CGF_1281,0.0,0.0,1,1.0,0.0,0.0
725,CGF_1283,0.0,0.0,1,1.0,0.0,0.0
726,CGF_1285,0.0,1.0,1,0.0,1.0,0.0
727,CGF_1286,0.0,1.0,1,0.0,1.0,0.0
728,CGF_1287,0.0,0.0,1,1.0,0.0,0.0
729,CGF_1288,0.0,0.0,1,1.0,0.0,0.0
730,CGF_1289,0.0,1.0,1,0.0,1.0,0.0
731,CGF_1290,0.0,0.0,1,1.0,0.0,0.0
732,CGF_1291,0.0,0.0,1,1.0,0.0,0.0
733,CGF_1292,0.0,0.0,1,1.0,0.0,0.0
734,CGF_1295,0.0,0.0,1,1.0,0.0,0.0
735,CGF_1297,0.0,0.0,1,1.0,0.0,0.0
736,CGF_1298,0.0,0.0,1,1.0,0.0,0.0
737,CGF_1299,0.0,0.0,1,1.0,0.0,0.0
738,CGF_1300,0.0,0.0,1,1.0,0.0,0.0
739,CGF_1306,0.0,0.0,1,1.0,0.0,0.0
740,CGF_1307,0.0,1.0,1,0.0,1.0,0.0
741,CGF_1349,0.0,1.0,1,0.0,1.0,0.0
742,CGF_1350,0.0,1.0,1,0.0,1.0,0.0
743,CGF_1351,0.0,1.0,1,0.0,1.0,0.0
744,CGF_1352,0.0,1.0,1,0.0,1.0,0.0
745,CGF_1354,0.0,1.0,1,0.0,1.0,0.0
746,CGF_1355,0.0,1.0,1,0.0,1.0,0.0
747,CGF_1356,0.0,1.0,1,0.0,1.0,0.0
748,CGF_1357,0.0,1.0,1,0.0,1.0,0.0
749,CGF_1358,0.0,0.0,1,1.0,0.0,0.0
750,CGF_1359,0.0,1.0,1,0.0,1.0,0.0
751,CGF_1360,0.0,1.0,1,0.0,1.0,0.0
752,CGF_1361,0.0,0.0,1,1.0,0.0,0.0
753,CGF_1371,0.0,0.0,1,1.0,0.0,0.0
754,CGF_1402,0.0,1.0,1,0.0,1.0,0.0
755,CGF_1403,0.0,0.0,1,1.0,0.0,0.0
756,CGF_1405,0.0,1.0,1,0.0,1.0,0.0
757,CGF_1406,0.0,1.0,1,0.0,1.0,0.0
758,CGF_1407,0.0,1.0,1,0.0,1.0,0.0
759,CGF_1408,0.0,1.0,1,0.0,1.0,0.0
760,CGF_1409,0.0,1.0,1,0.0,1.0,0.0
761,CGF_1410,0.0,1.0,1,0.0,1.0,0.0
762,CGF_1411,0.0,1.0,1,0.0,1.0,0.0
763,CGF_1412,0.0,1.0,1,0.0,1.0,0.0
764,CGF_1413,0.0,1.0,1,0.0,1.0,0.0
765,CGF_1414,0.0,1.0,1,0.0,1.0,0.0
766,CGF_1415,0.0,0.0,1,1.0,0.0,0.0
767,CGF_1416,0.0,0.0,1,1.0,0.0,0.0
768,CGF_1417,0.0,0.0,1,1.0,0.0,0.0
769,CGF_1418,0.0,0.0,1,1.0,0.0,0.0
770,CGF_1419,0.0,0.0,1,1.0,0.0,0.0
771,CGF_1420,0.0,0.0,1,1.0,0.0,0.0
772,CGF_1421,0.0,0.0,1,0.0,0.0,1.0
773,CGF_1422,0.0,0.0,1,1.0,0.0,0.0
774,CGF_1423,0.0,1.0,1,0.0,1.0,0.0
775,CGF_1424,0.0,1.0,1,0.0,1.0,0.0
776,CGF_1425,0.0,1.0,1,0.0,1.0,0.0
777,CGF_1426,0.0,1.0,2,0.0,1.0,0.0
778,CGF_1427,0.0,1.0,1,0.0,1.0,0.0
779,CGF_1428,0.0,1.0,1,0.0,1.0,0.0
780,CGF_1429,0.0,1.0,1,0.0,1.0,0.0
781,CGF_1430,0.0,1.0,1,0.0,1.0,0.0
782,CGF_1431,0.0,1.0,1,0.0,1.0,0.0
783,CGF_1432,0.0,1.0,2,0.0,1.0,0.0
784,CGF_1433,0.0,1.0,1,0.0,1.0,0.0
785,CGF_1434,0.0,0.0,1,1.0,0.0,0.0
786,CGF_1435,0.0,1.0,1,0.0,1.0,0.0
787,CGF_1436,0.0,1.0,1,0.0,1.0,0.0
788,CGF_1437,0.0,1.0,1,0.0,1.0,0.0
789,CGF_1438,0.0,1.0,1,0.0,1.0,0.0
790,CGF_1439,0.0,1.0,1,0.0,1.0,0.0
791,CGF_1440,0.0,1.0,1,0.0,1.0,0.0
792,CGF_1441,0.0,1.0,1,0.0,1.0,0.0
793,CGF_1442,0.0,1.0,1,0.0,1.0,0.0
794,CGF_1443,0.0,1.0,1,0.0,1.0,0.0
795,CGF_1445,0.0,1.0,1,0.0,1.0,0.0
796,CGF_1446,0.0,1.0,1,0.0,1.0,0.0
797,CGF_1447,0.0,1.0,1,0.0,1.0,0.0
798,CGF_1448,0.0,1.0,1,0.0,1.0,0.0
799,CGF_1449,0.0,1.0,1,0.0,1.0,0.0
800,CGF_1450,0.0,1.0,1,0.0,1.0,0.0
801,CGF_1451,0.0,1.0,1,0.0,1.0,0.0
802,CGF_1452,0.0,1.0,1,0.0,1.0,0.0
803,CGF_1453,0.0,1.0,1,0.0,1.0,0.0
804,CGF_1454,0.0,1.0,1,0.0,1.0,0.0
805,CGF_1455,0.0,1.0,1,0.0,1.0,0.0
806,CGF_1456,0.0,0.0,1,1.0,0.0,0.0
807,CGF_1457,0.0,1.0,1,0.0,1.0,0.0
808,CGF_1458,0.0,0.0,1,1.0,0.0,0.0
809,CGF_1459,0.0,0.0,1,1.0,0.0,0.0
810,CGF_1460,0.0,0.0,1,1.0,0.0,0.0
811,CGF_1462,0.0,0.0,1,1.0,0.0,0.0
812,CGF_1463,0.0,0.0,1,1.0,0.0,0.0
813,CGF_1464,0.0,0.0,2,1.0,0.0,0.0
814,CGF_1465,0.0,0.0,1,1.0,0.0,0.0
815,CGF_1466,0.0,0.0,1,1.0,0.0,0.0
816,CGF_1467,0.0,1.0,1,0.0,1.0,0.0
817,CGF_1474,0.0,0.0,1,1.0,0.0,0.0
818,CGF_1475,0.0,0.0,1,1.0,0.0,0.0
819,CGF_1476,0.0,0.0,1,1.0,0.0,0.0
820,CGF_1477,0.0,0.0,1,1.0,0.0,0.0
821,CGF_1487,0.0,1.0,1,0.0,1.0,0.0
822,CGF_1488,0.0,0.0,1,1.0,0.0,0.0
823,CGF_1490,0.0,1.0,1,0.0,1.0,0.0
824,CGF_1492,0.0,1.0,1,0.0,1.0,0.0
825,CGF_1499,0.0,0.0,1,1.0,0.0,0.0
826,CGF_1500,0.0,1.0,1,0.0,1.0,0.0
827,CGF_1503,0.0,0.0,1,1.0,0.0,0.0
828,CGF_1504,0.0,1.0,1,0.0,1.0,0.0
829,CGF_1505,0.0,1.0,1,0.0,1.0,0.0
830,CGF_1506,0.0,1.0,1,0.0,1.0,0.0
831,CGF_1507,0.0,1.0,1,0.0,1.0,0.0
832,CGF_1508,0.0,0.0,1,1.0,0.0,0.0
833,CGF_1509,0.0,0.0,1,1.0,0.0,0.0
834,CGF_1510,0.0,1.0,1,0.0,1.0,0.0
835,CGF_1511,0.0,1.0,1,0.0,1.0,0.0
836,CGF_1512,0.0,1.0,1,0.0,1.0,0.0
837,CGF_1516,0.0,0.0,1,1.0,0.0,0.0
838,CGF_1517,0.0,1.0,1,0.0,1.0,0.0
839,CGF_1518,0.0,1.0,1,0.0,1.0,0.0
840,CGF_1519,0.25,0.0,3,1.0,0.0,0.0
841,CGF_1520,0.0,0.0,1,1.0,0.0,0.0
842,CGF_1522,0.0,1.0,1,0.0,1.0,0.0
843,CGF_1523,0.0,0.0,1,1.0,0.0,0.0
844,CGF_1526,0.0,0.0,2,1.0,0.0,0.0
845,CGF_1527,0.3333333333333333,0.0,2,1.0,0.0,0.0
846,CGF_1528,0.0,0.0,1,1.0,0.0,0.0
847,CGF_1529,0.16666666666666666,0.2,5,0.8,0.2,0.0
848,CGF_1530,0.0,0.0,1,1.0,0.0,0.0
849,CGF_1531,0.0,0.0,2,1.0,0.0,0.0
850,CGF_1532,0.0,0.0,2,1.0,0.0,0.0
851,CGF_1533,0.0,0.0,1,1.0,0.0,0.0
852,CGF_1534,0.0,0.0,1,1.0,0.0,0.0
853,CGF_1535,0.0,0.0,1,1.0,0.0,0.0
854,CGF_1537,0.6923076923076923,0.0,4,1.0,0.0,0.0
855,CGF_1538,0.0,0.0,1,0.0,0.0,1.0
856,CGF_1540,0.5,0.0,1,1.0,0.0,0.0
857,CGF_1544,0.0,0.0,1,1.0,0.0,0.0
858,CGF_1545,0.5,0.0,1,1.0,0.0,0.0
859,CGF_1547,0.16666666666666666,0.2,5,0.8,0.2,0.0
860,CGF_1549,0.6,0.0,6,1.0,0.0,0.0
861,CGF_1551,0.0,0.0,2,1.0,0.0,0.0
862,CGF_1552,0.0,0.0,1,1.0,0.0,0.0
863,CGF_1553,0.0,0.0,1,1.0,0.0,0.0
864,CGF_1555,0.2727272727272727,0.0,16,1.0,0.0,0.0
865,CGF_1557,0.0,0.0,1,1.0,0.0,0.0
866,CGF_1559,0.8888888888888888,0.0,2,1.0,0.0,0.0
867,CGF_1562,0.0,0.0,1,1.0,0.0,0.0
868,CGF_1568,0.0,1.0,1,0.0,1.0,0.0
869,CGF_1569,0.0,1.0,1,0.0,1.0,0.0
870,CGF_1572,0.0,0.0,1,0.0,0.0,1.0
871,CGF_1574,0.0,1.0,1,0.0,1.0,0.0
872,CGF_1575,0.0,1.0,1,0.0,1.0,0.0
873,CGF_1576,0.0,1.0,1,0.0,1.0,0.0
874,CGF_1577,0.0,0.0,1,1.0,0.0,0.0
875,CGF_1578,0.0,0.0,1,0.0,0.0,1.0
876,CGF_1579,0.0,0.0,1,0.0,0.0,1.0
877,CGF_1580,0.0,0.0,1,0.0,0.0,1.0
878,CGF_1581,0.0,0.0,1,0.0,0.0,1.0
879,CGF_1583,0.0,0.0,2,0.0,0.0,1.0
880,CGF_1585,0.0,0.0,3,0.0,0.0,1.0
881,CGF_1587,0.0,0.0,1,0.0,0.0,1.0
882,CGF_1590,0.0,0.0,1,0.0,0.0,1.0
883,CGF_1591,0.0,0.0,3,0.0,0.0,1.0
884,CGF_1592,0.5,0.0,1,0.0,0.0,1.0
885,CGF_1593,0.0,0.0,2,0.0,0.0,1.0
886,CGF_1598,0.0,0.0,1,0.0,0.0,1.0
887,CGF_1599,0.0,1.0,1,0.0,1.0,0.0
888,CGF_1605,0.0,0.0,2,1.0,0.0,0.0
889,CGF_1606,0.0,0.0,1,1.0,0.0,0.0
890,CGF_1607,0.0,0.0,1,1.0,0.0,0.0
891,CGF_1608,0.0,0.0,1,1.0,0.0,0.0
892,CGF_1609,0.0,0.0,1,1.0,0.0,0.0
893,CGF_1610,0.0,0.0,1,1.0,0.0,0.0
894,CGF_1611,0.0,0.0,1,1.0,0.0,0.0
895,CGF_1614,0.0,0.0,1,1.0,0.0,0.0
896,CGF_1615,0.0,1.0,1,0.0,1.0,0.0
897,CGF_1616,0.0,1.0,1,0.0,1.0,0.0
898,CGF_1618,0.0,0.0,5,1.0,0.0,0.0
899,CGF_1619,0.0,0.0,1,1.0,0.0,0.0
900,CGF_1620,0.20833333333333334,0.02631578947368421,114,0.8245614035087719,0.02631578947368421,0.14912280701754385
901,CGF_1621,0.010169491525423728,0.7705479452054794,292,0.2191780821917808,0.7705479452054794,0.010273972602739725
902,CGF_1622,0.0,1.0,1,0.0,1.0,0.0
903,CGF_1623,0.0,0.0,1,1.0,0.0,0.0
904,CGF_1624,0.0,1.0,6,0.0,1.0,0.0
905,CGF_1625,0.0,0.9861111111111112,72,0.013888888888888888,0.9861111111111112,0.0
906,CGF_1626,0.2857142857142857,0.9,10,0.1,0.9,0.0
907,CGF_1627,0.0,1.0,1,0.0,1.0,0.0
908,CGF_1628,0.0,1.0,3,0.0,1.0,0.0
909,CGF_1630,0.04,0.375,24,0.3333333333333333,0.375,0.2916666666666667
910,CGF_1632,0.23529411764705882,0.0,13,1.0,0.0,0.0
911,CGF_1633,0.0,0.0,1,1.0,0.0,0.0
912,CGF_1634,0.0,0.0,1,1.0,0.0,0.0
913,CGF_1635,0.2777777777777778,0.07692307692307693,26,0.9230769230769231,0.07692307692307693,0.0
914,CGF_1636,0.0,0.0,1,1.0,0.0,0.0
915,CGF_1637,0.0,0.0,1,1.0,0.0,0.0
916,CGF_1639,0.0,0.0,1,1.0,0.0,0.0
917,CGF_1640,0.19117647058823528,0.38181818181818183,55,0.6181818181818182,0.38181818181818183,0.0
918,CGF_1641,0.0,0.0,1,1.0,0.0,0.0
919,CGF_1642,0.0,0.0,1,1.0,0.0,0.0
920,CGF_1643,0.0,0.0,1,1.0,0.0,0.0
921,CGF_1644,0.5,0.0,1,1.0,0.0,0.0
922,CGF_1645,0.5,0.0,1,1.0,0.0,0.0
923,CGF_1646,0.0,1.0,1,0.0,1.0,0.0
924,CGF_1647,0.0,0.0,1,1.0,0.0,0.0
925,CGF_1648,0.0,0.0,1,1.0,0.0,0.0
926,CGF_1650,0.0,0.0,1,1.0,0.0,0.0
927,CGF_1651,0.0,1.0,2,0.0,1.0,0.0
928,CGF_1654,0.0,1.0,1,0.0,1.0,0.0
929,CGF_1655,0.0,0.0,1,1.0,0.0,0.0
930,CGF_1656,0.0,0.0,1,1.0,0.0,0.0
931,CGF_1657,0.5,0.0,1,1.0,0.0,0.0
932,CGF_1658,0.0,0.0,1,1.0,0.0,0.0
933,CGF_1659,0.0,0.0,1,1.0,0.0,0.0
934,CGF_1661,0.0,0.0,12,1.0,0.0,0.0
935,CGF_1662,0.0,0.0,1,1.0,0.0,0.0
936,CGF_1663,0.5,0.0,1,1.0,0.0,0.0
937,CGF_1664,0.0,0.0,2,1.0,0.0,0.0
938,CGF_1665,0.0,0.0,1,1.0,0.0,0.0
939,CGF_1666,0.5,0.0,1,0.0,0.0,1.0
940,CGF_1667,0.0,0.0,1,1.0,0.0,0.0
941,CGF_1668,0.0,0.0,1,1.0,0.0,0.0
942,CGF_1669,0.0,0.0,1,1.0,0.0,0.0
943,CGF_1670,0.1590909090909091,0.16216216216216217,37,0.5405405405405406,0.16216216216216217,0.2972972972972973
944,CGF_1671,0.0,0.0,1,1.0,0.0,0.0
945,CGF_1672,0.0,1.0,1,0.0,1.0,0.0
946,CGF_1673,0.0,0.0,1,1.0,0.0,0.0
947,CGF_1674,0.8333333333333334,0.0,1,0.0,0.0,1.0
948,CGF_1676,0.25,0.0,3,0.6666666666666666,0.0,0.3333333333333333
949,CGF_1677,0.0,0.0,2,0.5,0.0,0.5
950,CGF_1679,0.0,0.0,2,0.0,0.0,1.0
951,CGF_1680,0.5,0.0,1,1.0,0.0,0.0
952,CGF_1681,0.0,0.0,1,1.0,0.0,0.0
953,CGF_1682,0.0,0.0,1,1.0,0.0,0.0
954,CGF_1683,0.42105263157894735,0.09090909090909091,11,0.9090909090909091,0.09090909090909091,0.0
955,CGF_1684,0.2,0.0,4,1.0,0.0,0.0
956,CGF_1685,0.3333333333333333,0.0,4,1.0,0.0,0.0
957,CGF_1686,0.7142857142857143,0.0,2,1.0,0.0,0.0
958,CGF_1687,0.0,0.0,6,0.16666666666666666,0.0,0.8333333333333334
959,CGF_1688,0.0,0.0,1,0.0,0.0,1.0
960,CGF_1689,0.0,0.0,1,1.0,0.0,0.0
961,CGF_1690,0.0,1.0,1,0.0,1.0,0.0
962,CGF_1691,0.0,0.0,1,1.0,0.0,0.0
963,CGF_1692,0.0,0.0,1,1.0,0.0,0.0
964,CGF_1693,0.0,1.0,2,0.0,1.0,0.0
965,CGF_1694,0.0,0.0,1,1.0,0.0,0.0
966,CGF_1695,0.75,0.0,1,1.0,0.0,0.0
967,CGF_1700,0.0,0.0,1,1.0,0.0,0.0
968,CGF_1705,0.0,1.0,6,0.0,1.0,0.0
969,CGF_1706,0.0,0.0,2,1.0,0.0,0.0
970,CGF_1707,0.0,1.0,1,0.0,1.0,0.0
971,CGF_1708,0.0,1.0,2,0.0,1.0,0.0
972,CGF_1709,0.0,1.0,1,0.0,1.0,0.0
973,CGF_1710,0.0,0.0,1,1.0,0.0,0.0
974,CGF_1711,0.0,0.0,1,1.0,0.0,0.0
975,CGF_1712,0.0,0.0,1,1.0,0.0,0.0
976,CGF_1713,0.0,0.0,1,1.0,0.0,0.0
977,CGF_1714,0.0,0.0,1,1.0,0.0,0.0
978,CGF_1715,0.0,0.0,1,1.0,0.0,0.0
979,CGF_1716,0.0,1.0,1,0.0,1.0,0.0
980,CGF_1717,0.0,0.0,2,1.0,0.0,0.0
981,CGF_1718,0.0,0.0,2,1.0,0.0,0.0
982,CGF_1719,0.0,0.0,3,1.0,0.0,0.0
983,CGF_1720,0.0,0.0,3,1.0,0.0,0.0
984,CGF_1721,0.0,0.0,1,1.0,0.0,0.0
985,CGF_1722,0.0,0.0,1,0.0,0.0,1.0
986,CGF_1723,0.5,0.0,1,1.0,0.0,0.0
987,CGF_1724,0.0,0.0,1,1.0,0.0,0.0
988,CGF_1726,0.0,0.0,1,0.0,0.0,1.0
989,CGF_1730,0.0,1.0,1,0.0,1.0,0.0
990,CGF_1731,0.0,1.0,1,0.0,1.0,0.0
991,CGF_1732,0.0,1.0,2,0.0,1.0,0.0
992,CGF_1733,0.0,0.0,1,1.0,0.0,0.0
993,CGF_1735,0.0,1.0,7,0.0,1.0,0.0
994,CGF_1736,0.5,0.0,1,1.0,0.0,0.0
995,CGF_1737,0.0,1.0,7,0.0,1.0,0.0
996,CGF_1738,0.0,1.0,4,0.0,1.0,0.0
997,CGF_1740,0.0,1.0,1,0.0,1.0,0.0
998,CGF_1742,0.0,0.0,1,1.0,0.0,0.0
999,CGF_1744,0.0,0.0,1,1.0,0.0,0.0
1000,CGF_1745,0.0,0.0,1,1.0,0.0,0.0
1001,CGF_1746,0.5,0.0,1,1.0,0.0,0.0
1002,CGF_1747,0.0,0.0,1,1.0,0.0,0.0
1003,CGF_1748,0.0,1.0,1,0.0,1.0,0.0
1004,CGF_1749,0.0,0.0,1,1.0,0.0,0.0
1005,CGF_1750,0.0,0.0,2,1.0,0.0,0.0
1006,CGF_1751,0.0,0.0,1,1.0,0.0,0.0
1007,CGF_1752,0.0,0.5,2,0.5,0.5,0.0
1008,CGF_1753,0.0,0.0,1,1.0,0.0,0.0
1009,CGF_1754,0.0,0.0,1,1.0,0.0,0.0
1010,CGF_1755,0.0,0.0,2,1.0,0.0,0.0
1011,CGF_1756,0.3333333333333333,0.0,4,0.0,0.0,1.0
1012,CGF_1758,0.4,0.0,3,1.0,0.0,0.0
1013,CGF_1760,0.0,0.0,1,1.0,0.0,0.0
1014,CGF_1761,0.8333333333333334,0.0,1,1.0,0.0,0.0
1015,CGF_1770,0.0,0.0,1,0.0,0.0,1.0
1016,CGF_1774,0.0,1.0,3,0.0,1.0,0.0
1017,CGF_1775,0.0,1.0,30,0.0,1.0,0.0
1018,CGF_1776,0.0,1.0,1,0.0,1.0,0.0
1019,CGF_1777,0.0,1.0,1,0.0,1.0,0.0
1020,CGF_1778,0.0,1.0,2,0.0,1.0,0.0
1021,CGF_1779,0.0,1.0,1,0.0,1.0,0.0
1022,CGF_1781,0.0,1.0,3,0.0,1.0,0.0
1023,CGF_1782,0.0,1.0,2,0.0,1.0,0.0
1024,CGF_1783,0.0,1.0,1,0.0,1.0,0.0
1025,CGF_1784,0.0,1.0,1,0.0,1.0,0.0
1026,CGF_1786,0.0,1.0,1,0.0,1.0,0.0
1027,CGF_1787,0.0,1.0,1,0.0,1.0,0.0
1028,CGF_1788,0.0,1.0,1,0.0,1.0,0.0
1029,CGF_1790,0.0,0.0,1,1.0,0.0,0.0
1030,CGF_1792,0.0,0.0,1,1.0,0.0,0.0
1031,CGF_1796,0.0,0.0,1,1.0,0.0,0.0
1032,CGF_1797,0.0,1.0,1,0.0,1.0,0.0
1033,CGF_1799,0.0,0.0,2,1.0,0.0,0.0
1034,CGF_1800,0.3333333333333333,0.0,4,1.0,0.0,0.0
1035,CGF_1803,0.0,1.0,3,0.0,1.0,0.0
1036,CGF_1804,0.0,1.0,1,0.0,1.0,0.0
1037,CGF_1805,0.0,1.0,1,0.0,1.0,0.0
1038,CGF_1806,0.0,1.0,1,0.0,1.0,0.0
1039,CGF_1807,0.0,1.0,1,0.0,1.0,0.0
1040,CGF_1809,0.0,0.0,1,0.0,0.0,1.0
1041,CGF_1822,0.0,1.0,1,0.0,1.0,0.0
1042,CGF_1824,0.0,0.0,1,0.0,0.0,1.0
1043,CGF_1825,0.0,0.0,1,0.0,0.0,1.0
1044,CGF_1827,0.0,0.0,1,0.0,0.0,1.0
1045,CGF_1829,0.0,0.0,1,0.0,0.0,1.0
1046,CGF_1833,0.0,1.0,1,0.0,1.0,0.0
1047,CGF_1834,0.0,1.0,1,0.0,1.0,0.0
1048,CGF_1835,0.0,1.0,1,0.0,1.0,0.0
1049,CGF_1836,0.0,1.0,4,0.0,1.0,0.0
1050,CGF_1837,0.0,1.0,1,0.0,1.0,0.0
1051,CGF_1838,0.0,1.0,4,0.0,1.0,0.0
1052,CGF_1839,0.0,1.0,1,0.0,1.0,0.0
1053,CGF_1840,0.0,0.0,1,0.0,0.0,1.0
1054,CGF_1841,0.2,0.0,4,1.0,0.0,0.0
1055,CGF_1842,0.0,0.0,1,1.0,0.0,0.0
1056,CGF_1843,0.5,0.0,1,1.0,0.0,0.0
1057,CGF_1844,0.0,0.0,1,1.0,0.0,0.0
1058,CGF_1845,0.0,1.0,8,0.0,1.0,0.0
1059,CGF_1846,0.07894736842105263,0.6285714285714286,35,0.37142857142857144,0.6285714285714286,0.0
1060,CGF_1847,0.0,0.0,2,1.0,0.0,0.0
1061,CGF_1848,0.0,0.0,1,1.0,0.0,0.0
1062,CGF_1849,0.0,1.0,1,0.0,1.0,0.0
1063,CGF_1850,0.02857142857142857,0.08823529411764706,34,0.9117647058823529,0.08823529411764706,0.0
1064,CGF_1851,0.0,0.0,1,1.0,0.0,0.0
1065,CGF_1852,0.5,0.0,1,1.0,0.0,0.0
1066,CGF_1853,0.0,0.0,1,1.0,0.0,0.0
1067,CGF_1855,0.0,0.3333333333333333,9,0.6666666666666666,0.3333333333333333,0.0
1068,CGF_1858,0.0,0.0,1,1.0,0.0,0.0
1069,CGF_1859,0.0,0.0,2,0.0,0.0,1.0
1070,CGF_1860,0.6666666666666666,0.0,1,1.0,0.0,0.0
1071,CGF_1861,0.0,0.0,3,0.0,0.0,1.0
1072,CGF_1862,0.2857142857142857,0.4,5,0.6,0.4,0.0
1073,CGF_1863,0.0,1.0,1,0.0,1.0,0.0
1074,CGF_1864,0.0,0.0,1,1.0,0.0,0.0
1075,CGF_1865,0.0,0.0,1,1.0,0.0,0.0
1076,CGF_1866,0.0,0.0,2,1.0,0.0,0.0
1077,CGF_1867,0.0,0.0,1,1.0,0.0,0.0
1078,CGF_1868,0.0,0.0,1,1.0,0.0,0.0
1079,CGF_1869,0.0,0.6666666666666666,3,0.3333333333333333,0.6666666666666666,0.0
1080,CGF_1870,0.3333333333333333,0.5,2,0.5,0.5,0.0
1081,CGF_1871,0.0,0.0,2,1.0,0.0,0.0
1082,CGF_1872,0.0,0.0,1,1.0,0.0,0.0
1083,CGF_1873,0.0,0.0,1,1.0,0.0,0.0
1084,CGF_1874,0.0,1.0,1,0.0,1.0,0.0
1085,CGF_1875,0.0,0.0,1,1.0,0.0,0.0
1086,CGF_1876,0.0,0.0,1,1.0,0.0,0.0
1087,CGF_1877,0.0,0.0,1,1.0,0.0,0.0
1088,CGF_1878,0.0,0.0,1,1.0,0.0,0.0
1089,CGF_1879,0.0,0.0,1,1.0,0.0,0.0
1090,CGF_1880,0.0,0.0,1,1.0,0.0,0.0
1091,CGF_1881,0.0,0.0,1,1.0,0.0,0.0
1092,CGF_1882,0.0,0.0,1,1.0,0.0,0.0
1093,CGF_1883,0.0,0.0,1,1.0,0.0,0.0
1094,CGF_1884,0.0,0.0,1,1.0,0.0,0.0
1095,CGF_1885,0.0,0.0,1,1.0,0.0,0.0
1096,CGF_1886,0.0,0.0,1,1.0,0.0,0.0
1097,CGF_1890,0.0,0.0,1,1.0,0.0,0.0
1098,CGF_1891,0.0,1.0,1,0.0,1.0,0.0
1099,CGF_1892,0.0,1.0,1,0.0,1.0,0.0
1100,CGF_1893,0.0,0.0,1,1.0,0.0,0.0
1101,CGF_1896,0.0,0.0,1,1.0,0.0,0.0
1102,CGF_1898,0.0,1.0,1,0.0,1.0,0.0
1103,CGF_1899,0.0,0.0,1,1.0,0.0,0.0
1104,CGF_1900,0.0,1.0,1,0.0,1.0,0.0
1105,CGF_1901,0.0,0.0,1,1.0,0.0,0.0
1106,CGF_1902,0.0,0.0,1,1.0,0.0,0.0
1107,CGF_1903,0.0,0.0,1,1.0,0.0,0.0
1108,CGF_1904,0.0,0.0,1,1.0,0.0,0.0
1109,CGF_1905,0.0,0.0,1,1.0,0.0,0.0
1110,CGF_1906,0.0,1.0,1,0.0,1.0,0.0
1111,CGF_1907,0.0,1.0,1,0.0,1.0,0.0
1112,CGF_1908,0.0,1.0,2,0.0,1.0,0.0
1113,CGF_1909,0.0,1.0,1,0.0,1.0,0.0
1114,CGF_1910,0.0,0.0,1,1.0,0.0,0.0
1115,CGF_1911,0.0,0.0,1,1.0,0.0,0.0
1116,CGF_1912,0.0,1.0,1,0.0,1.0,0.0
1117,CGF_1913,0.0,0.0,1,1.0,0.0,0.0
1118,CGF_1914,0.0,0.0,1,1.0,0.0,0.0
1119,CGF_1915,0.0,0.0,1,1.0,0.0,0.0
1120,CGF_1916,0.0,0.0,1,1.0,0.0,0.0
1121,CGF_1917,0.0,0.0,1,1.0,0.0,0.0
1122,CGF_1918,0.0,0.0,1,1.0,0.0,0.0
1123,CGF_1919,0.0,0.0,1,1.0,0.0,0.0
1124,CGF_1920,0.0,1.0,1,0.0,1.0,0.0
1125,CGF_1921,0.0,0.0,1,1.0,0.0,0.0
1126,CGF_1922,0.0,0.0,2,1.0,0.0,0.0
1127,CGF_1923,0.0,1.0,1,0.0,1.0,0.0
1128,CGF_1924,0.0,0.0,2,1.0,0.0,0.0
1129,CGF_1925,0.0,0.0,2,1.0,0.0,0.0
1130,CGF_1926,0.0,0.0,1,1.0,0.0,0.0
1131,CGF_1927,0.0,0.0,1,1.0,0.0,0.0
1132,CGF_1928,0.0,0.0,1,1.0,0.0,0.0
1133,CGF_1929,0.0,0.0,1,1.0,0.0,0.0
1134,CGF_1930,0.0,0.0,1,1.0,0.0,0.0
1135,CGF_1931,0.0,0.0,1,1.0,0.0,0.0
1136,CGF_1932,0.0,0.0,1,1.0,0.0,0.0
1137,CGF_1933,0.0,0.0,1,1.0,0.0,0.0
1138,CGF_1934,0.0,0.0,1,1.0,0.0,0.0
1139,CGF_1935,0.0,0.0,1,1.0,0.0,0.0
1140,CGF_1937,0.0,0.0,1,1.0,0.0,0.0
1141,CGF_1938,0.0,1.0,1,0.0,1.0,0.0
1142,CGF_1939,0.0,0.0,1,1.0,0.0,0.0
1143,CGF_1946,0.0,1.0,1,0.0,1.0,0.0
1144,CGF_1947,0.0,0.0,1,0.0,0.0,1.0
1145,CGF_1957,0.0,1.0,1,0.0,1.0,0.0
1146,CGF_1959,0.0,0.0,3,0.0,0.0,1.0
1147,CGF_1960,0.0,0.0,1,0.0,0.0,1.0
1148,CGF_1961,0.0,0.0,1,0.0,0.0,1.0
1149,CGF_1962,0.0,0.0,1,0.0,0.0,1.0
1150,CGF_1963,0.0,0.0,1,0.0,0.0,1.0
1151,CGF_1964,0.0,0.0,1,0.0,0.0,1.0
1152,CGF_1965,0.0,0.0,1,0.0,0.0,1.0
1153,CGF_1966,0.0,0.0,1,1.0,0.0,0.0
1154,CGF_1967,0.0,0.0,1,0.0,0.0,1.0
1155,CGF_1968,0.0,0.0,1,0.0,0.0,1.0
1156,CGF_1969,0.0,1.0,1,0.0,1.0,0.0
1157,CGF_1970,0.0,1.0,1,0.0,1.0,0.0
1158,CGF_1971,0.0,1.0,1,0.0,1.0,0.0
1159,CGF_1972,0.0,1.0,1,0.0,1.0,0.0
1160,CGF_1973,0.0,1.0,1,0.0,1.0,0.0
1161,CGF_1974,0.0,1.0,1,0.0,1.0,0.0
1162,CGF_1975,0.0,1.0,1,0.0,1.0,0.0
1163,CGF_1976,0.0,1.0,1,0.0,1.0,0.0
1164,CGF_1977,0.0,1.0,1,0.0,1.0,0.0
1165,CGF_1978,0.0,0.0,1,1.0,0.0,0.0
1166,CGF_1979,0.0,1.0,2,0.0,1.0,0.0
1167,CGF_1980,0.0,1.0,1,0.0,1.0,0.0
1168,CGF_1981,0.0,1.0,1,0.0,1.0,0.0
1169,CGF_1982,0.0,0.0,1,0.0,0.0,1.0
1170,CGF_1983,0.0,1.0,1,0.0,1.0,0.0
1171,CGF_1984,0.0,1.0,1,0.0,1.0,0.0
1172,CGF_1986,0.0,1.0,1,0.0,1.0,0.0
1173,CGF_1987,0.0,0.0,1,1.0,0.0,0.0
1174,CGF_2003,0.0,0.0,1,0.0,0.0,1.0
1175,CGF_2004,0.0,0.0,1,0.0,0.0,1.0
1176,CGF_2006,0.0,0.0,1,0.0,0.0,1.0
1177,CGF_2007,0.0,0.0,1,0.0,0.0,1.0
1178,CGF_2008,0.0,0.0,2,0.0,0.0,1.0
1179,CGF_2009,0.0,0.0,1,0.0,0.0,1.0
1180,CGF_2011,0.0,0.0,1,0.0,0.0,1.0
1181,CGF_2012,0.0,0.0,1,0.0,0.0,1.0
1182,CGF_2013,0.0,0.0,1,0.0,0.0,1.0
1183,CGF_2014,0.0,0.0,1,0.0,0.0,1.0
1184,CGF_2015,0.0,0.0,1,0.0,0.0,1.0
1185,CGF_2016,0.0,0.0,1,0.0,0.0,1.0
1186,CGF_2017,0.0,0.0,12,0.0,0.0,1.0
1187,CGF_2018,0.0,0.0,1,0.0,0.0,1.0
1188,CGF_2019,0.0,0.0,4,0.0,0.0,1.0
1189,CGF_2020,0.0,0.0,1,0.0,0.0,1.0
1190,CGF_2021,0.0,0.0,1,0.0,0.0,1.0
1191,CGF_2022,0.0,1.0,12,0.0,1.0,0.0
1192,CGF_2023,0.0,0.0,1,0.0,0.0,1.0
1193,CGF_2025,0.0,0.0,1,0.0,0.0,1.0
1194,CGF_2026,0.0,0.0,1,0.0,0.0,1.0
1195,CGF_2027,0.0,0.0,1,0.0,0.0,1.0
1196,CGF_2028,0.0,0.0,1,0.0,0.0,1.0
1197,CGF_2031,0.0,1.0,19,0.0,1.0,0.0
1198,CGF_2032,0.0,1.0,1,0.0,1.0,0.0
1199,CGF_2033,0.0,1.0,4,0.0,1.0,0.0
1200,CGF_2034,0.0,1.0,1,0.0,1.0,0.0
1201,CGF_2035,0.0,0.0,1,0.0,0.0,1.0
1202,CGF_2038,0.0,1.0,1,0.0,1.0,0.0
1203,CGF_2039,0.0,0.0,1,1.0,0.0,0.0
1204,CGF_2040,0.0,0.0,1,1.0,0.0,0.0
1205,CGF_2041,0.0,0.0,1,0.0,0.0,1.0
1206,CGF_2042,0.0,0.0,1,0.0,0.0,1.0
1207,CGF_2043,0.0,0.0,1,0.0,0.0,1.0
1208,CGF_2044,0.0,0.0,1,0.0,0.0,1.0
1209,CGF_2045,0.0,0.0,2,0.0,0.0,1.0
1210,CGF_2046,0.0,0.0,1,0.0,0.0,1.0
1211,CGF_2047,0.0,0.0,1,0.0,0.0,1.0
1212,CGF_2048,0.0,0.0,1,0.0,0.0,1.0
1213,CGF_2049,0.0,0.0,1,1.0,0.0,0.0
1214,CGF_2053,0.0,0.0,1,1.0,0.0,0.0
1215,CGF_2055,0.0,1.0,1,0.0,1.0,0.0
1216,CGF_2057,0.0,0.0,1,0.0,0.0,1.0
1217,CGF_2058,0.0,1.0,1,0.0,1.0,0.0
1218,CGF_2059,0.0,1.0,1,0.0,1.0,0.0
1219,CGF_2060,0.0,1.0,1,0.0,1.0,0.0
1220,CGF_2061,0.0,1.0,1,0.0,1.0,0.0
1221,CGF_2062,0.0,0.0,1,1.0,0.0,0.0
1222,CGF_2063,0.0,1.0,1,0.0,1.0,0.0
1223,CGF_2064,0.0,0.0,1,1.0,0.0,0.0
1224,CGF_2065,0.0,1.0,1,0.0,1.0,0.0
1225,CGF_2066,0.0,1.0,1,0.0,1.0,0.0
1226,CGF_2067,0.0,1.0,1,0.0,1.0,0.0
1227,CGF_2068,0.0,1.0,1,0.0,1.0,0.0
1228,CGF_2070,0.0,1.0,1,0.0,1.0,0.0
1229,CGF_2071,0.0,0.0,1,0.0,0.0,1.0
1230,CGF_2072,0.0,0.0,1,0.0,0.0,1.0
1231,CGF_2073,0.0,0.0,2,0.0,0.0,1.0
1232,CGF_2074,0.0,0.0,1,1.0,0.0,0.0
1233,CGF_2075,0.0,0.0,1,1.0,0.0,0.0
1234,CGF_2076,0.0,0.0,1,1.0,0.0,0.0
1235,CGF_2077,0.0,0.0,1,1.0,0.0,0.0
1236,CGF_2079,0.0,1.0,1,0.0,1.0,0.0
1237,CGF_2080,0.0,1.0,1,0.0,1.0,0.0
1238,CGF_2081,0.0,0.0,1,0.0,0.0,1.0
1239,CGF_2082,0.0,0.0,1,1.0,0.0,0.0
1240,CGF_2083,0.0,1.0,1,0.0,1.0,0.0
1241,CGF_2085,0.0,0.0,1,0.0,0.0,1.0
1242,CGF_2086,0.0,0.0,1,1.0,0.0,0.0
1243,CGF_2087,0.0,0.0,1,1.0,0.0,0.0
1244,CGF_2089,0.0,0.0,2,1.0,0.0,0.0
1245,CGF_2091,0.0,0.0,1,1.0,0.0,0.0
1246,CGF_2092,0.0,0.0,1,1.0,0.0,0.0
1247,CGF_2093,0.0,0.0,1,0.0,0.0,1.0
1248,CGF_2094,0.0,0.0,1,1.0,0.0,0.0
1249,CGF_2095,0.0,0.0,1,1.0,0.0,0.0
1250,CGF_2096,0.0,0.0,1,1.0,0.0,0.0
1251,CGF_2097,0.0,1.0,1,0.0,1.0,0.0
1252,CGF_2098,0.0,1.0,1,0.0,1.0,0.0
1253,CGF_2099,0.0,0.0,1,1.0,0.0,0.0
1254,CGF_2100,0.0,1.0,1,0.0,1.0,0.0
1255,CGF_2101,0.0,0.0,1,1.0,0.0,0.0
1256,CGF_2102,0.0,1.0,1,0.0,1.0,0.0
1257,CGF_2103,0.0,0.0,1,0.0,0.0,1.0
1258,CGF_2105,0.0,0.0,5,0.0,0.0,1.0
1259,CGF_2106,0.0,0.0,1,0.0,0.0,1.0
1260,CGF_2107,0.0,0.0,1,0.0,0.0,1.0
1261,CGF_2108,0.0,0.0,1,0.0,0.0,1.0
1262,CGF_2109,0.0,0.0,1,0.0,0.0,1.0
1263,CGF_2110,0.0,0.0,1,0.0,0.0,1.0
1264,CGF_2111,0.0,0.0,1,0.0,0.0,1.0
1265,CGF_2112,0.0,0.0,2,0.0,0.0,1.0
1266,CGF_2113,0.0,0.0,1,0.0,0.0,1.0
1267,CGF_2114,0.0,0.0,1,0.0,0.0,1.0
1268,CGF_2115,0.0,0.0,1,0.0,0.0,1.0
1269,CGF_2116,0.0,0.0,1,0.0,0.0,1.0
1270,CGF_2117,0.0,0.0,1,0.0,0.0,1.0
1271,CGF_2118,0.0,0.0,1,0.0,0.0,1.0
1272,CGF_2119,0.0,0.0,2,0.0,0.0,1.0
1273,CGF_2120,0.0,0.0,1,0.0,0.0,1.0
1274,CGF_2121,0.0,0.0,1,0.0,0.0,1.0
1275,CGF_2122,0.0,0.0,2,0.0,0.0,1.0
1276,CGF_2123,0.0,0.0,3,0.0,0.0,1.0
1277,CGF_2124,0.0,1.0,1,0.0,1.0,0.0
1278,CGF_2125,0.0,1.0,1,0.0,1.0,0.0
1279,CGF_2126,0.0,1.0,1,0.0,1.0,0.0
1280,CGF_2127,0.0,1.0,1,0.0,1.0,0.0
1281,CGF_2128,0.0,1.0,1,0.0,1.0,0.0
1282,CGF_2129,0.0,0.0,1,0.0,0.0,1.0
1283,CGF_2130,0.0,0.0,1,0.0,0.0,1.0
1284,CGF_2131,0.0,0.0,1,0.0,0.0,1.0
1285,CGF_2133,0.0,1.0,1,0.0,1.0,0.0
1286,CGF_2134,0.0,0.0,1,0.0,0.0,1.0
1287,CGF_2136,0.0,0.0,1,0.0,0.0,1.0
1288,CGF_2137,0.0,1.0,1,0.0,1.0,0.0
1289,CGF_2138,0.0,1.0,1,0.0,1.0,0.0
1290,CGF_2139,0.0,1.0,1,0.0,1.0,0.0
1291,CGF_2140,0.0,0.0,1,1.0,0.0,0.0
1292,CGF_2141,0.0,1.0,1,0.0,1.0,0.0
1293,CGF_2143,0.0,1.0,1,0.0,1.0,0.0
1294,CGF_2145,0.0,0.0,1,1.0,0.0,0.0
1295,CGF_2146,0.0,0.0,1,1.0,0.0,0.0
1296,CGF_2147,0.0,0.0,1,0.0,0.0,1.0
1297,CGF_2148,0.0,0.0,1,0.0,0.0,1.0
1298,CGF_2150,0.0,1.0,1,0.0,1.0,0.0
1299,CGF_2151,0.0,1.0,1,0.0,1.0,0.0
1300,CGF_2152,0.0,1.0,1,0.0,1.0,0.0
1301,CGF_2154,0.0,0.0,1,0.0,0.0,1.0
1302,CGF_2155,0.0,0.0,1,1.0,0.0,0.0
1303,CGF_2156,0.0,1.0,1,0.0,1.0,0.0
1304,CGF_2161,0.0,0.0,1,0.0,0.0,1.0
1305,CGF_2162,0.0,0.0,1,1.0,0.0,0.0
1306,CGF_2163,0.0,0.0,1,1.0,0.0,0.0
1307,CGF_2164,0.0,1.0,1,0.0,1.0,0.0
1308,CGF_2165,0.0,0.0,1,1.0,0.0,0.0
1309,CGF_2166,0.0,1.0,2,0.0,1.0,0.0
1310,CGF_2167,0.0,0.0,1,1.0,0.0,0.0
1311,CGF_2168,0.0,0.0,1,0.0,0.0,1.0
1312,CGF_2169,0.0,0.0,2,0.5,0.0,0.5
1313,CGF_2170,0.0,0.0,1,1.0,0.0,0.0
1314,CGF_2171,0.0,0.0,1,0.0,0.0,1.0
1315,CGF_2174,0.0,1.0,1,0.0,1.0,0.0
1316,CGF_2175,0.0,1.0,1,0.0,1.0,0.0
1317,CGF_2176,0.0,1.0,1,0.0,1.0,0.0
1318,CGF_2177,0.5,1.0,1,0.0,1.0,0.0
1319,CGF_2178,0.0,0.0,1,1.0,0.0,0.0
1320,CGF_2179,0.0,1.0,2,0.0,1.0,0.0
1321,CGF_2180,0.0,1.0,4,0.0,1.0,0.0
1322,CGF_2181,0.0,0.0,1,1.0,0.0,0.0
1323,CGF_2183,0.0,0.0,1,1.0,0.0,0.0
1324,CGF_2184,0.0,0.0,1,0.0,0.0,1.0
1325,CGF_2185,0.0,0.0,3,1.0,0.0,0.0
1326,CGF_2186,0.0,0.0,1,1.0,0.0,0.0
1327,CGF_2187,0.0,0.0,1,1.0,0.0,0.0
1328,CGF_2188,0.4444444444444444,0.0,5,0.4,0.0,0.6
1329,CGF_2189,0.0,1.0,1,0.0,1.0,0.0
1330,CGF_2190,0.0,1.0,1,0.0,1.0,0.0
1331,CGF_2191,0.0,1.0,1,0.0,1.0,0.0
1332,CGF_2192,0.0,1.0,1,0.0,1.0,0.0
1333,CGF_2193,0.0,0.0,2,0.0,0.0,1.0
1334,CGF_2194,0.25,0.0,3,0.0,0.0,1.0
1335,CGF_2196,0.0,0.0,1,0.0,0.0,1.0
1336,CGF_2197,0.0,1.0,1,0.0,1.0,0.0
1337,CGF_2200,0.0,0.0,1,0.0,0.0,1.0
1338,CGF_2201,0.0,1.0,1,0.0,1.0,0.0
1339,CGF_2202,0.0,1.0,1,0.0,1.0,0.0
1340,CGF_2203,0.0,0.0,4,0.0,0.0,1.0
1341,CGF_2204,0.0,0.0,1,0.0,0.0,1.0
1342,CGF_2205,0.0,1.0,1,0.0,1.0,0.0
1343,CGF_2206,0.0,1.0,1,0.0,1.0,0.0
1344,CGF_2208,0.0,0.0,1,0.0,0.0,1.0
1345,CGF_2209,0.0,0.0,1,0.0,0.0,1.0
1346,CGF_2210,0.0,1.0,1,0.0,1.0,0.0
1347,CGF_2211,0.0,0.0,1,0.0,0.0,1.0
1348,CGF_2212,0.0,1.0,1,0.0,1.0,0.0
1349,CGF_2213,0.0,1.0,1,0.0,1.0,0.0
1350,CGF_2214,0.0,1.0,1,0.0,1.0,0.0
1351,CGF_2215,0.0,1.0,1,0.0,1.0,0.0
1352,CGF_2216,0.0,0.0,1,1.0,0.0,0.0
1353,CGF_2217,0.0,0.5625,16,0.0625,0.5625,0.375
1354,CGF_2218,0.0,0.0,1,0.0,0.0,1.0
1355,CGF_2219,0.0,1.0,1,0.0,1.0,0.0
1356,CGF_2220,0.0,0.0,1,0.0,0.0,1.0
1357,CGF_2221,0.0,1.0,2,0.0,1.0,0.0
1358,CGF_2222,0.0,1.0,1,0.0,1.0,0.0
1359,CGF_2223,0.3333333333333333,0.5,2,0.0,0.5,0.5
1360,CGF_2226,0.0,1.0,6,0.0,1.0,0.0
1361,CGF_2227,0.0,1.0,1,0.0,1.0,0.0
1362,CGF_2228,0.0,1.0,1,0.0,1.0,0.0
1363,CGF_2229,0.0,1.0,1,0.0,1.0,0.0
1364,CGF_2230,0.0,1.0,1,0.0,1.0,0.0
1365,CGF_2231,0.0,0.75,4,0.0,0.75,0.25
1366,CGF_2232,0.0,1.0,1,0.0,1.0,0.0
1367,CGF_2233,0.0,1.0,1,0.0,1.0,0.0
1368,CGF_2234,0.0,1.0,1,0.0,1.0,0.0
1369,CGF_2235,0.0,1.0,1,0.0,1.0,0.0
1370,CGF_2236,0.0,1.0,2,0.0,1.0,0.0
1371,CGF_2237,0.4,0.6666666666666666,3,0.3333333333333333,0.6666666666666666,0.0
1372,CGF_2238,0.0,0.0,1,1.0,0.0,0.0
1373,CGF_2239,0.0,1.0,1,0.0,1.0,0.0
1374,CGF_2240,0.0,0.0,1,0.0,0.0,1.0
1375,CGF_2241,0.0,0.0,1,0.0,0.0,1.0
1376,CGF_2242,0.0,0.0,2,0.0,0.0,1.0
1377,CGF_2243,0.0,0.0,1,0.0,0.0,1.0
1378,CGF_2244,0.0,0.0,1,0.0,0.0,1.0
1379,CGF_2245,0.0,0.0,1,0.0,0.0,1.0
1380,CGF_2246,0.0,0.0,4,0.0,0.0,1.0
1381,CGF_2247,0.0,0.0,3,0.0,0.0,1.0
1382,CGF_2248,0.0,0.0,5,0.8,0.0,0.2
1383,CGF_2249,0.0,1.0,1,0.0,1.0,0.0
1384,CGF_2250,0.0,0.0,1,0.0,0.0,1.0
1385,CGF_2251,0.0,0.0,1,0.0,0.0,1.0
1386,CGF_2252,0.0,0.3333333333333333,12,0.0,0.3333333333333333,0.6666666666666666
1387,CGF_2254,0.0,0.0,2,0.0,0.0,1.0
1388,CGF_2255,0.0,0.0,1,0.0,0.0,1.0
1389,CGF_2256,0.0,0.0,1,0.0,0.0,1.0
1390,CGF_2257,0.0,0.0,1,0.0,0.0,1.0
1391,CGF_2258,0.0,0.0,1,0.0,0.0,1.0
1392,CGF_2259,0.0,0.0,1,0.0,0.0,1.0
1393,CGF_2260,0.0,0.0,1,0.0,0.0,1.0
1394,CGF_2261,0.0,0.0,1,0.0,0.0,1.0
1395,CGF_2262,0.0,0.0,1,0.0,0.0,1.0
1396,CGF_2263,0.0,1.0,1,0.0,1.0,0.0
1397,CGF_2266,0.0,0.0,1,0.0,0.0,1.0
1398,CGF_2267,0.0,0.0,1,1.0,0.0,0.0
1399,CGF_2268,0.0,0.0,1,0.0,0.0,1.0
1400,CGF_2270,0.0,0.5,2,0.5,0.5,0.0
1401,CGF_2271,0.0,1.0,1,0.0,1.0,0.0
1402,CGF_2272,0.0,0.0,12,1.0,0.0,0.0
1403,CGF_2273,0.25,1.0,3,0.0,1.0,0.0
1404,CGF_2274,0.0,1.0,1,0.0,1.0,0.0
1405,CGF_2276,0.0,0.0,1,1.0,0.0,0.0
1406,CGF_2277,0.0,0.0,1,0.0,0.0,1.0
